Cerveza_Preferida,Genero
Ligera,Hombre
Ligera,Hombre
Ligera,Hombre
Ligera,Hombre
Ligera,Hombre
Ligera,Hombre
Ligera,Hombre
Ligera,Hombre
Ligera,Hombre
Ligera,Hombre
Ligera,Hombre
Ligera,Hombre
Ligera,Hombre
Ligera,Hombre
Ligera,Hombre
Ligera,Hombre
Ligera,Hombre
Ligera,Hombre
Ligera,Hombre
Ligera,Hombre
Ligera,Mujer
Ligera,Mujer
Ligera,Mujer
Ligera,Mujer
Ligera,Mujer
Ligera,Mujer
Ligera,Mujer
Ligera,Mujer
Ligera,Mujer
Ligera,Mujer
Ligera,Mujer
Ligera,Mujer
Ligera,Mujer
Ligera,Mujer
Ligera,Mujer
Ligera,Mujer
Ligera,Mujer
Ligera,Mujer
Ligera,Mujer
Ligera,Mujer
Ligera,Mujer
Ligera,Mujer
Ligera,Mujer
Ligera,Mujer
Ligera,Mujer
Ligera,Mujer
Ligera,Mujer
Ligera,Mujer
Ligera,Mujer
Ligera,Mujer
Clara,Hombre
Clara,Hombre
Clara,Hombre
Clara,Hombre
Clara,Hombre
Clara,Hombre
Clara,Hombre
Clara,Hombre
Clara,Hombre
Clara,Hombre
Clara,Hombre
Clara,Hombre
Clara,Hombre
Clara,Hombre
Clara,Hombre
Clara,Hombre
Clara,Hombre
Clara,Hombre
Clara,Hombre
Clara,Hombre
Clara,Hombre
Clara,Hombre
Clara,Hombre
Clara,Hombre
Clara,Hombre
Clara,Hombre
Clara,Hombre
Clara,Hombre
Clara,Hombre
Clara,Hombre
Clara,Hombre
Clara,Hombre
Clara,Hombre
Clara,Hombre
Clara,Hombre
Clara,Hombre
Clara,Hombre
Clara,Hombre
Clara,Hombre
Clara,Hombre
Clara,Mujer
Clara,Mujer
Clara,Mujer
Clara,Mujer
Clara,Mujer
Clara,Mujer
Clara,Mujer
Clara,Mujer
Clara,Mujer
Clara,Mujer
Clara,Mujer
Clara,Mujer
Clara,Mujer
Clara,Mujer
Clara,Mujer
Clara,Mujer
Clara,Mujer
Clara,Mujer
Clara,Mujer
Clara,Mujer
Clara,Mujer
Clara,Mujer
Clara,Mujer
Clara,Mujer
Clara,Mujer
Clara,Mujer
Clara,Mujer
Clara,Mujer
Clara,Mujer
Clara,Mujer
Oscura,Hombre
Oscura,Hombre
Oscura,Hombre
Oscura,Hombre
Oscura,Hombre
Oscura,Hombre
Oscura,Hombre
Oscura,Hombre
Oscura,Hombre
Oscura,Hombre
Oscura,Hombre
Oscura,Hombre
Oscura,Hombre
Oscura,Hombre
Oscura,Hombre
Oscura,Hombre
Oscura,Hombre
Oscura,Hombre
Oscura,Hombre
Oscura,Hombre
Oscura,Mujer
Oscura,Mujer
Oscura,Mujer
Oscura,Mujer
Oscura,Mujer
Oscura,Mujer
Oscura,Mujer
Oscura,Mujer
Oscura,Mujer
Oscura,Mujer
