ESTU_DEPTO_RESIDE,FAMI_ESTRATOVIVIENDA,FAMI_PERSONASHOGAR,FAMI_EDUCACIONPADRE,FAMI_EDUCACIONMADRE,FAMI_TIENEINTERNET,FAMI_TIENECOMPUTADOR,FAMI_COMELECHEDERIVADOS,FAMI_COMECARNEPESCADOHUEVO,FAMI_COMECEREALFRUTOSLEGUMBRE,ESTU_DEDICACIONINTERNET,COLE_GENERO,COLE_NATURALEZA,COLE_CALENDARIO,COLE_CARACTER,COLE_JORNADA,PUNT_LECTURA_CRITICA,PUNT_MATEMATICAS,PUNT_C_NATURALES,PUNT_SOCIALES_CIUDADANAS,PUNT_INGLES,PUNT_GLOBAL,ESTU_FECHANACIMIENTO,ESTU_GENERO,ESTU_GENERACION-E
VAUPES,Sin Estrato,7 a 8,Educación profesional incompleta,Primaria incompleta,No,No,Nunca o rara vez comemos eso,Nunca o rara vez comemos eso,Nunca o rara vez comemos eso,No Navega Internet,MIXTO,OFICIAL,A,TÉCNICO/ACADÉMICO,MAÑANA,34,31,42,31,34.0,172,03/14/2000 12:00:00 AM,F,GENERACION E - GRATUIDAD
VAUPES,Sin Estrato,5 a 6,Secundaria (Bachillerato) incompleta,Primaria incompleta,No,No,Nunca o rara vez comemos eso,Nunca o rara vez comemos eso,Nunca o rara vez comemos eso,Entre 30 y 60 minutos,MIXTO,OFICIAL,A,ACADÉMICO,MAÑANA,35,32,42,24,39.0,168,08/28/2002 12:00:00 AM,M,GENERACION E - GRATUIDAD
VAUPES,-,5 a 6,-,,-,-,,-,,,MIXTO,OFICIAL,A,TÉCNICO/ACADÉMICO,NOCHE,36,40,28,25,34.0,162,03/25/1990 12:00:00 AM,F,GENERACION E - GRATUIDAD
VAUPES,-,,,-,,,-,,-,,MIXTO,NO OFICIAL,A,TÉCNICO,SABATINA,51,49,48,51,47.0,248,10/10/2001 12:00:00 AM,M,GENERACION E - GRATUIDAD
VAUPES,-,,,-,,,-,,-,,MIXTO,OFICIAL,A,ACADÉMICO,MAÑANA,34,44,37,29,35.0,180,12/21/2000 12:00:00 AM,M,GENERACION E - GRATUIDAD
VAUPES,Estrato 4,7 a 8,Secundaria (Bachillerato) completa,Secundaria (Bachillerato) completa,No,No,Nunca o rara vez comemos eso,Nunca o rara vez comemos eso,Nunca o rara vez comemos eso,30 minutos o menos,MIXTO,OFICIAL,A,TÉCNICO/ACADÉMICO,MAÑANA,41,39,37,30,43.0,186,05/12/1998 12:00:00 AM,M,GENERACION E - GRATUIDAD
VAUPES,-,,,-,,,-,,-,,MIXTO,OFICIAL,A,TÉCNICO/ACADÉMICO,NOCHE,37,40,30,32,45.0,178,12/13/1979 12:00:00 AM,F,GENERACION E - GRATUIDAD
VAUPES,Sin Estrato,7 a 8,Postgrado,Primaria incompleta,No,No,Nunca o rara vez comemos eso,1 o 2 veces por semana,3 a 5 veces por semana,Más de 3 horas,MIXTO,OFICIAL,A,TÉCNICO,MAÑANA,43,45,40,31,39.0,198,04/18/2003 12:00:00 AM,F,GENERACION E - GRATUIDAD
VAUPES,Sin Estrato,5 a 6,Secundaria (Bachillerato) incompleta,Técnica o tecnológica completa,No,Si,3 a 5 veces por semana,Todos o casi todos los días,3 a 5 veces por semana,30 minutos o menos,MIXTO,OFICIAL,A,ACADÉMICO,NOCHE,59,50,53,50,42.0,261,06/26/2002 12:00:00 AM,F,GENERACION E - GRATUIDAD
VAUPES,Estrato 1,5 a 6,Secundaria (Bachillerato) incompleta,Técnica o tecnológica completa,No,Si,1 o 2 veces por semana,Todos o casi todos los días,3 a 5 veces por semana,Entre 30 y 60 minutos,MIXTO,OFICIAL,A,TÉCNICO/ACADÉMICO,MAÑANA,56,61,60,53,48.0,284,04/22/2002 12:00:00 AM,M,GENERACION E - GRATUIDAD
VAUPES,Estrato 3,5 a 6,Ninguno,Ninguno,No,No,1 o 2 veces por semana,1 o 2 veces por semana,1 o 2 veces por semana,Entre 1 y 3 horas,MIXTO,OFICIAL,A,TÉCNICO/ACADÉMICO,MAÑANA,31,52,42,47,31.0,210,12/03/2001 12:00:00 AM,M,NO
VAUPES,Estrato 1,3 a 4,Primaria completa,Secundaria (Bachillerato) incompleta,No,No,3 a 5 veces por semana,3 a 5 veces por semana,3 a 5 veces por semana,Entre 1 y 3 horas,MIXTO,OFICIAL,A,TÉCNICO/ACADÉMICO,MAÑANA,50,50,40,50,53.0,240,09/19/2002 12:00:00 AM,F,GENERACION E - GRATUIDAD
VAUPES,Estrato 1,9 o más,Secundaria (Bachillerato) completa,Primaria incompleta,No,No,Nunca o rara vez comemos eso,1 o 2 veces por semana,Nunca o rara vez comemos eso,No Navega Internet,MIXTO,OFICIAL,A,TÉCNICO/ACADÉMICO,MAÑANA,64,59,57,63,55.0,302,03/08/2003 12:00:00 AM,F,GENERACION E - EXCELENCIA DEPARTAMENTAL
VAUPES,Estrato 5,5 a 6,Secundaria (Bachillerato) incompleta,Secundaria (Bachillerato) incompleta,No,No,Todos o casi todos los días,Todos o casi todos los días,Todos o casi todos los días,Entre 30 y 60 minutos,MIXTO,OFICIAL,A,TÉCNICO/ACADÉMICO,NOCHE,35,48,39,37,40.0,199,12/30/2000 12:00:00 AM,M,GENERACION E - GRATUIDAD
VAUPES,Sin Estrato,5 a 6,No sabe,No sabe,No,Si,3 a 5 veces por semana,1 o 2 veces por semana,1 o 2 veces por semana,Entre 30 y 60 minutos,MIXTO,OFICIAL,A,TÉCNICO/ACADÉMICO,MAÑANA,52,38,45,32,47.0,211,09/25/2000 12:00:00 AM,M,GENERACION E - GRATUIDAD
VAUPES,-,3 a 4,-,,-,-,-,,-,,MIXTO,NO OFICIAL,A,ACADÉMICO,SABATINA,39,36,39,32,26.0,178,05/06/1998 12:00:00 AM,M,GENERACION E - GRATUIDAD
VAUPES,Estrato 2,7 a 8,Secundaria (Bachillerato) completa,Secundaria (Bachillerato) incompleta,No,No,1 o 2 veces por semana,Todos o casi todos los días,3 a 5 veces por semana,30 minutos o menos,MIXTO,OFICIAL,A,TÉCNICO/ACADÉMICO,MAÑANA,33,50,57,29,40.0,210,07/19/2001 12:00:00 AM,M,NO
VAUPES,Estrato 1,1 a 2,Educación profesional completa,Técnica o tecnológica completa,No,No,1 o 2 veces por semana,3 a 5 veces por semana,1 o 2 veces por semana,Entre 1 y 3 horas,MIXTO,OFICIAL,A,TÉCNICO/ACADÉMICO,MAÑANA,63,55,46,55,51.0,272,09/26/2002 12:00:00 AM,F,GENERACION E - GRATUIDAD
VAUPES,Estrato 6,3 a 4,Primaria incompleta,Secundaria (Bachillerato) incompleta,No,No,Nunca o rara vez comemos eso,1 o 2 veces por semana,Nunca o rara vez comemos eso,Entre 1 y 3 horas,MIXTO,OFICIAL,A,ACADÉMICO,MAÑANA,40,36,31,35,40.0,179,03/05/1999 12:00:00 AM,M,GENERACION E - GRATUIDAD
VAUPES,Sin Estrato,5 a 6,No Aplica,Secundaria (Bachillerato) completa,No,No,3 a 5 veces por semana,1 o 2 veces por semana,Todos o casi todos los días,Entre 30 y 60 minutos,MIXTO,OFICIAL,A,TÉCNICO,MAÑANA,60,62,68,56,51.0,303,03/08/2001 12:00:00 AM,F,GENERACION E - EXCELENCIA DEPARTAMENTAL
VAUPES,-,7 a 8,-,,-,No,,-,,,MIXTO,OFICIAL,A,TÉCNICO/ACADÉMICO,MAÑANA,47,38,41,50,39.0,218,12/23/1998 12:00:00 AM,F,GENERACION E - GRATUIDAD
VAUPES,Sin Estrato,9 o más,Primaria incompleta,Secundaria (Bachillerato) incompleta,No,Si,3 a 5 veces por semana,1 o 2 veces por semana,Nunca o rara vez comemos eso,Entre 1 y 3 horas,MIXTO,OFICIAL,A,TÉCNICO/ACADÉMICO,MAÑANA,45,45,43,40,44.0,217,01/22/1998 12:00:00 AM,F,NO
VAUPES,-,,,-,,,-,,-,,MIXTO,OFICIAL,A,TÉCNICO/ACADÉMICO,MAÑANA,61,62,41,38,42.0,249,03/26/2002 12:00:00 AM,M,GENERACION E - GRATUIDAD
VAUPES,Sin Estrato,3 a 4,No Aplica,Secundaria (Bachillerato) incompleta,No,No,Nunca o rara vez comemos eso,3 a 5 veces por semana,Nunca o rara vez comemos eso,Entre 1 y 3 horas,MIXTO,OFICIAL,A,TÉCNICO/ACADÉMICO,NOCHE,53,54,46,51,42.0,252,01/28/2000 12:00:00 AM,M,GENERACION E - GRATUIDAD
VAUPES,Sin Estrato,5 a 6,Secundaria (Bachillerato) completa,Primaria incompleta,No,Si,Nunca o rara vez comemos eso,3 a 5 veces por semana,1 o 2 veces por semana,30 minutos o menos,MIXTO,OFICIAL,A,TÉCNICO/ACADÉMICO,NOCHE,39,37,33,33,44.0,181,05/06/2001 12:00:00 AM,M,GENERACION E - GRATUIDAD
VAUPES,Estrato 1,3 a 4,Secundaria (Bachillerato) incompleta,Primaria incompleta,No,No,1 o 2 veces por semana,Todos o casi todos los días,3 a 5 veces por semana,30 minutos o menos,MIXTO,OFICIAL,A,TÉCNICO,MAÑANA,52,44,43,52,44.0,237,05/02/2002 12:00:00 AM,M,GENERACION E - GRATUIDAD
VAUPES,-,,,-,,,-,,-,,MIXTO,OFICIAL,A,TÉCNICO/ACADÉMICO,MAÑANA,48,33,46,29,39.0,195,05/17/2002 12:00:00 AM,F,GENERACION E - GRATUIDAD
VAUPES,Estrato 1,-,Educación profesional completa,Secundaria (Bachillerato) completa,No,-,1 o 2 veces por semana,-,,Entre 1 y 3 horas,MIXTO,OFICIAL,A,TÉCNICO/ACADÉMICO,MAÑANA,49,53,38,45,46.0,231,11/30/2002 12:00:00 AM,F,NO
VAUPES,Sin Estrato,9 o más,Primaria incompleta,Primaria incompleta,No,Si,1 o 2 veces por semana,Nunca o rara vez comemos eso,Nunca o rara vez comemos eso,No Navega Internet,MIXTO,OFICIAL,A,ACADÉMICO,MAÑANA,37,45,42,28,41.0,191,03/03/1999 12:00:00 AM,M,NO
VAUPES,Estrato 1,7 a 8,Secundaria (Bachillerato) incompleta,Primaria completa,No,No,Nunca o rara vez comemos eso,Todos o casi todos los días,3 a 5 veces por semana,Más de 3 horas,MIXTO,OFICIAL,A,TÉCNICO,MAÑANA,54,56,53,56,53.0,273,04/10/2001 12:00:00 AM,M,GENERACION E - GRATUIDAD
VAUPES,Estrato 1,7 a 8,Secundaria (Bachillerato) incompleta,Secundaria (Bachillerato) incompleta,No,Si,1 o 2 veces por semana,1 o 2 veces por semana,Nunca o rara vez comemos eso,30 minutos o menos,MIXTO,OFICIAL,A,TÉCNICO/ACADÉMICO,MAÑANA,55,55,51,59,46.0,272,11/08/2001 12:00:00 AM,M,GENERACION E - GRATUIDAD
VAUPES,Estrato 1,5 a 6,Secundaria (Bachillerato) incompleta,Primaria completa,No,No,Nunca o rara vez comemos eso,Nunca o rara vez comemos eso,Todos o casi todos los días,No Navega Internet,MIXTO,OFICIAL,A,TÉCNICO/ACADÉMICO,NOCHE,34,34,43,33,48.0,185,10/07/2003 12:00:00 AM,F,GENERACION E - GRATUIDAD
VAUPES,Estrato 1,7 a 8,Postgrado,Secundaria (Bachillerato) completa,No,Si,Todos o casi todos los días,Todos o casi todos los días,3 a 5 veces por semana,Entre 1 y 3 horas,MIXTO,OFICIAL,A,TÉCNICO/ACADÉMICO,MAÑANA,48,40,45,40,49.0,218,04/22/2002 12:00:00 AM,F,NO
VAUPES,Sin Estrato,7 a 8,Secundaria (Bachillerato) completa,Secundaria (Bachillerato) incompleta,No,No,1 o 2 veces por semana,1 o 2 veces por semana,Nunca o rara vez comemos eso,Entre 30 y 60 minutos,MIXTO,OFICIAL,A,TÉCNICO/ACADÉMICO,MAÑANA,42,47,42,43,42.0,217,11/11/2002 12:00:00 AM,F,NO
VAUPES,-,5 a 6,-,,-,No,,-,,,MIXTO,OFICIAL,A,TÉCNICO/ACADÉMICO,NOCHE,35,25,29,28,35.0,148,09/28/1999 12:00:00 AM,F,GENERACION E - GRATUIDAD
VAUPES,Sin Estrato,7 a 8,Secundaria (Bachillerato) completa,Primaria completa,No,No,1 o 2 veces por semana,3 a 5 veces por semana,Nunca o rara vez comemos eso,30 minutos o menos,MIXTO,NO OFICIAL,A,TÉCNICO,SABATINA,49,35,45,49,37.0,220,07/02/2000 12:00:00 AM,M,GENERACION E - GRATUIDAD
VAUPES,-,,,-,,,-,,-,,MIXTO,OFICIAL,A,TÉCNICO/ACADÉMICO,NOCHE,40,35,37,42,31.0,190,06/14/2001 12:00:00 AM,F,NO
VAUPES,Estrato 1,1 a 2,Secundaria (Bachillerato) incompleta,Secundaria (Bachillerato) completa,No,No,3 a 5 veces por semana,Todos o casi todos los días,1 o 2 veces por semana,No Navega Internet,MIXTO,OFICIAL,A,TÉCNICO/ACADÉMICO,MAÑANA,53,47,44,40,53.0,233,07/20/2001 12:00:00 AM,M,GENERACION E - GRATUIDAD
VAUPES,Estrato 1,9 o más,Primaria completa,Primaria incompleta,No,No,1 o 2 veces por semana,Nunca o rara vez comemos eso,1 o 2 veces por semana,Entre 1 y 3 horas,MIXTO,OFICIAL,A,TÉCNICO/ACADÉMICO,MAÑANA,46,53,45,48,43.0,238,09/14/1999 12:00:00 AM,M,GENERACION E - GRATUIDAD
VAUPES,Estrato 1,3 a 4,Educación profesional completa,Educación profesional completa,Si,Si,Nunca o rara vez comemos eso,Todos o casi todos los días,Todos o casi todos los días,Más de 3 horas,MIXTO,OFICIAL,A,TÉCNICO/ACADÉMICO,MAÑANA,63,42,52,56,54.0,267,10/29/2002 12:00:00 AM,M,GENERACION E - GRATUIDAD
VAUPES,Sin Estrato,3 a 4,Educación profesional incompleta,Secundaria (Bachillerato) completa,No,No,1 o 2 veces por semana,1 o 2 veces por semana,Nunca o rara vez comemos eso,No Navega Internet,MIXTO,OFICIAL,A,ACADÉMICO,MAÑANA,43,55,37,34,40.0,210,04/19/2003 12:00:00 AM,M,NO
VAUPES,Sin Estrato,7 a 8,Primaria incompleta,Primaria incompleta,No,No,Nunca o rara vez comemos eso,Nunca o rara vez comemos eso,Nunca o rara vez comemos eso,No Navega Internet,MIXTO,OFICIAL,A,ACADÉMICO,MAÑANA,38,39,39,32,35.0,184,12/28/1997 12:00:00 AM,M,NO
VAUPES,Sin Estrato,5 a 6,Primaria incompleta,Primaria incompleta,No,No,Nunca o rara vez comemos eso,1 o 2 veces por semana,Nunca o rara vez comemos eso,No Navega Internet,MIXTO,OFICIAL,A,ACADÉMICO,MAÑANA,39,41,31,32,28.0,176,12/06/1997 12:00:00 AM,M,GENERACION E - GRATUIDAD
VAUPES,Estrato 1,1 a 2,Primaria incompleta,Secundaria (Bachillerato) completa,No,Si,3 a 5 veces por semana,Todos o casi todos los días,Nunca o rara vez comemos eso,Entre 1 y 3 horas,MIXTO,OFICIAL,A,TÉCNICO/ACADÉMICO,MAÑANA,44,36,42,45,40.0,208,08/05/2001 12:00:00 AM,M,NO
VAUPES,-,7 a 8,-,,-,No,,-,,,MIXTO,OFICIAL,A,TÉCNICO/ACADÉMICO,MAÑANA,59,60,58,67,53.0,302,07/30/2003 12:00:00 AM,M,GENERACION E - EXCELENCIA DEPARTAMENTAL
VAUPES,Estrato 1,5 a 6,Primaria completa,Primaria completa,No,No,1 o 2 veces por semana,Todos o casi todos los días,1 o 2 veces por semana,30 minutos o menos,MIXTO,OFICIAL,A,TÉCNICO/ACADÉMICO,MAÑANA,33,41,42,35,39.0,189,12/23/2001 12:00:00 AM,M,GENERACION E - GRATUIDAD
VAUPES,Sin Estrato,5 a 6,Secundaria (Bachillerato) completa,Secundaria (Bachillerato) completa,No,No,Nunca o rara vez comemos eso,Nunca o rara vez comemos eso,Nunca o rara vez comemos eso,No Navega Internet,MIXTO,OFICIAL,A,ACADÉMICO,MAÑANA,38,37,26,32,34.0,167,12/01/2000 12:00:00 AM,M,NO
VAUPES,Estrato 1,7 a 8,Secundaria (Bachillerato) incompleta,Primaria incompleta,No,No,Nunca o rara vez comemos eso,1 o 2 veces por semana,1 o 2 veces por semana,30 minutos o menos,MIXTO,OFICIAL,A,TÉCNICO/ACADÉMICO,MAÑANA,35,36,37,31,31.0,172,08/06/2001 12:00:00 AM,F,NO
VAUPES,Estrato 1,5 a 6,Ninguno,Técnica o tecnológica completa,No,No,Nunca o rara vez comemos eso,1 o 2 veces por semana,Nunca o rara vez comemos eso,30 minutos o menos,MIXTO,OFICIAL,A,TÉCNICO/ACADÉMICO,NOCHE,47,53,40,45,38.0,228,08/25/1998 12:00:00 AM,M,GENERACION E - GRATUIDAD
VAUPES,Estrato 1,5 a 6,Educación profesional completa,Técnica o tecnológica completa,No,No,Todos o casi todos los días,Todos o casi todos los días,Nunca o rara vez comemos eso,30 minutos o menos,MIXTO,OFICIAL,A,TÉCNICO/ACADÉMICO,MAÑANA,45,42,37,47,43.0,214,07/15/2001 12:00:00 AM,F,NO
VAUPES,Sin Estrato,5 a 6,Secundaria (Bachillerato) incompleta,Primaria completa,No,No,Nunca o rara vez comemos eso,Nunca o rara vez comemos eso,Nunca o rara vez comemos eso,No Navega Internet,MIXTO,OFICIAL,A,ACADÉMICO,MAÑANA,45,48,49,38,32.0,220,06/17/2002 12:00:00 AM,F,NO
VAUPES,Sin Estrato,3 a 4,Primaria incompleta,Ninguno,No,No,Nunca o rara vez comemos eso,1 o 2 veces por semana,1 o 2 veces por semana,No Navega Internet,MIXTO,OFICIAL,A,TÉCNICO/ACADÉMICO,MAÑANA,59,65,58,56,40.0,290,09/01/2002 12:00:00 AM,M,NO
VAUPES,Estrato 1,5 a 6,Secundaria (Bachillerato) completa,Secundaria (Bachillerato) completa,No,No,Nunca o rara vez comemos eso,Todos o casi todos los días,Nunca o rara vez comemos eso,30 minutos o menos,MIXTO,OFICIAL,A,TÉCNICO/ACADÉMICO,MAÑANA,48,39,38,30,37.0,193,10/02/2002 12:00:00 AM,F,GENERACION E - GRATUIDAD
VAUPES,Estrato 3,9 o más,Secundaria (Bachillerato) completa,Secundaria (Bachillerato) completa,No,No,Nunca o rara vez comemos eso,3 a 5 veces por semana,1 o 2 veces por semana,Entre 30 y 60 minutos,MIXTO,OFICIAL,A,TÉCNICO/ACADÉMICO,MAÑANA,37,47,34,42,36.0,198,01/17/2002 12:00:00 AM,M,GENERACION E - GRATUIDAD
VAUPES,Estrato 2,5 a 6,Primaria incompleta,Secundaria (Bachillerato) incompleta,No,No,1 o 2 veces por semana,1 o 2 veces por semana,1 o 2 veces por semana,Entre 1 y 3 horas,MIXTO,OFICIAL,A,TÉCNICO,MAÑANA,56,50,54,54,40.0,262,03/09/2002 12:00:00 AM,M,GENERACION E - GRATUIDAD
VAUPES,Estrato 2,7 a 8,Secundaria (Bachillerato) completa,Técnica o tecnológica completa,Si,Si,Todos o casi todos los días,Todos o casi todos los días,3 a 5 veces por semana,Más de 3 horas,MIXTO,NO OFICIAL,A,TÉCNICO,SABATINA,71,65,60,74,60.0,335,10/28/1999 12:00:00 AM,M,NO
VAUPES,-,5 a 6,-,,-,No,,-,,,MIXTO,OFICIAL,A,TÉCNICO/ACADÉMICO,MAÑANA,49,47,32,43,35.0,211,05/19/2002 12:00:00 AM,F,NO
VAUPES,Estrato 1,7 a 8,Secundaria (Bachillerato) incompleta,Secundaria (Bachillerato) completa,No,No,1 o 2 veces por semana,3 a 5 veces por semana,3 a 5 veces por semana,No Navega Internet,MIXTO,OFICIAL,A,TÉCNICO/ACADÉMICO,NOCHE,48,54,37,31,42.0,212,09/17/2002 12:00:00 AM,F,GENERACION E - GRATUIDAD
VAUPES,Estrato 1,7 a 8,Primaria completa,Primaria completa,No,No,Todos o casi todos los días,3 a 5 veces por semana,1 o 2 veces por semana,30 minutos o menos,MIXTO,OFICIAL,A,TÉCNICO/ACADÉMICO,MAÑANA,42,40,42,36,40.0,200,11/06/2002 12:00:00 AM,F,GENERACION E - GRATUIDAD
VAUPES,Sin Estrato,7 a 8,Primaria incompleta,Primaria incompleta,No,No,Nunca o rara vez comemos eso,Todos o casi todos los días,Nunca o rara vez comemos eso,Entre 1 y 3 horas,MIXTO,OFICIAL,A,TÉCNICO,MAÑANA,33,29,36,39,39.0,173,10/12/2002 12:00:00 AM,F,GENERACION E - GRATUIDAD
VAUPES,Estrato 1,7 a 8,Técnica o tecnológica completa,Técnica o tecnológica completa,No,No,3 a 5 veces por semana,Todos o casi todos los días,Todos o casi todos los días,30 minutos o menos,MIXTO,OFICIAL,A,TÉCNICO/ACADÉMICO,MAÑANA,60,59,54,65,52.0,295,07/23/2003 12:00:00 AM,F,GENERACION E - GRATUIDAD
VAUPES,Estrato 2,5 a 6,Educación profesional completa,Educación profesional completa,No,Si,3 a 5 veces por semana,3 a 5 veces por semana,Todos o casi todos los días,Entre 1 y 3 horas,MIXTO,OFICIAL,A,TÉCNICO/ACADÉMICO,MAÑANA,75,64,64,64,60.0,331,02/24/2003 12:00:00 AM,F,NO
VAUPES,-,,,-,,,-,,-,,MIXTO,OFICIAL,A,TÉCNICO/ACADÉMICO,MAÑANA,47,48,49,41,49.0,232,08/18/2003 12:00:00 AM,M,GENERACION E - GRATUIDAD
VAUPES,Estrato 1,7 a 8,Secundaria (Bachillerato) completa,Primaria incompleta,No,No,3 a 5 veces por semana,1 o 2 veces por semana,Todos o casi todos los días,Entre 30 y 60 minutos,MIXTO,OFICIAL,A,TÉCNICO/ACADÉMICO,MAÑANA,63,48,51,49,58.0,266,08/17/2002 12:00:00 AM,M,GENERACION E - GRATUIDAD
VAUPES,Sin Estrato,3 a 4,Ninguno,No sabe,Si,Si,1 o 2 veces por semana,1 o 2 veces por semana,Todos o casi todos los días,Entre 1 y 3 horas,MIXTO,OFICIAL,A,TÉCNICO/ACADÉMICO,NOCHE,35,25,31,28,30.0,149,03/15/1989 12:00:00 AM,F,GENERACION E - GRATUIDAD
VAUPES,Estrato 1,9 o más,Secundaria (Bachillerato) incompleta,Primaria completa,No,No,3 a 5 veces por semana,3 a 5 veces por semana,3 a 5 veces por semana,30 minutos o menos,MIXTO,OFICIAL,A,TÉCNICO/ACADÉMICO,MAÑANA,53,50,43,45,48.0,239,05/05/2002 12:00:00 AM,M,GENERACION E - GRATUIDAD
VAUPES,Estrato 1,9 o más,Secundaria (Bachillerato) incompleta,Secundaria (Bachillerato) incompleta,No,No,Nunca o rara vez comemos eso,1 o 2 veces por semana,Nunca o rara vez comemos eso,No Navega Internet,MIXTO,OFICIAL,A,ACADÉMICO,MAÑANA,43,40,44,40,39.0,208,11/27/2002 12:00:00 AM,M,NO
VAUPES,Sin Estrato,3 a 4,Primaria incompleta,Primaria incompleta,No,No,1 o 2 veces por semana,1 o 2 veces por semana,1 o 2 veces por semana,Entre 1 y 3 horas,MIXTO,OFICIAL,A,TÉCNICO,MAÑANA,31,28,36,32,43.0,163,12/14/1998 12:00:00 AM,M,GENERACION E - GRATUIDAD
VAUPES,Sin Estrato,5 a 6,Primaria incompleta,Primaria incompleta,No,No,Nunca o rara vez comemos eso,Nunca o rara vez comemos eso,Nunca o rara vez comemos eso,Entre 30 y 60 minutos,MIXTO,OFICIAL,A,TÉCNICO,MAÑANA,63,47,50,47,43.0,255,03/29/2003 12:00:00 AM,M,GENERACION E - GRATUIDAD
VAUPES,Estrato 1,7 a 8,Primaria completa,Secundaria (Bachillerato) completa,No,Si,Todos o casi todos los días,Todos o casi todos los días,3 a 5 veces por semana,Entre 1 y 3 horas,MIXTO,OFICIAL,A,TÉCNICO,MAÑANA,54,46,48,36,44.0,229,08/24/2001 12:00:00 AM,F,GENERACION E - GRATUIDAD
VAUPES,Estrato 1,3 a 4,Secundaria (Bachillerato) incompleta,Secundaria (Bachillerato) incompleta,No,No,1 o 2 veces por semana,3 a 5 veces por semana,1 o 2 veces por semana,No Navega Internet,MIXTO,OFICIAL,A,TÉCNICO/ACADÉMICO,MAÑANA,50,42,33,34,44.0,200,08/11/2000 12:00:00 AM,M,GENERACION E - GRATUIDAD
VAUPES,Sin Estrato,5 a 6,Secundaria (Bachillerato) incompleta,Secundaria (Bachillerato) incompleta,No,No,Nunca o rara vez comemos eso,1 o 2 veces por semana,Nunca o rara vez comemos eso,No Navega Internet,MIXTO,OFICIAL,A,ACADÉMICO,MAÑANA,55,51,54,49,49.0,260,02/07/2000 12:00:00 AM,M,NO
VAUPES,Estrato 1,9 o más,Secundaria (Bachillerato) incompleta,Primaria incompleta,No,No,1 o 2 veces por semana,1 o 2 veces por semana,Nunca o rara vez comemos eso,Entre 30 y 60 minutos,MIXTO,OFICIAL,A,TÉCNICO/ACADÉMICO,MAÑANA,47,58,35,33,37.0,214,05/30/2003 12:00:00 AM,F,NO
VAUPES,Estrato 1,3 a 4,Primaria incompleta,Primaria incompleta,No,No,Nunca o rara vez comemos eso,1 o 2 veces por semana,1 o 2 veces por semana,30 minutos o menos,MIXTO,OFICIAL,A,TÉCNICO/ACADÉMICO,MAÑANA,56,53,43,52,47.0,253,03/17/2001 12:00:00 AM,F,GENERACION E - GRATUIDAD
VAUPES,Estrato 3,5 a 6,Primaria completa,Primaria incompleta,No,No,-,3 a 5 veces por semana,1 o 2 veces por semana,Entre 30 y 60 minutos,MIXTO,OFICIAL,A,TÉCNICO/ACADÉMICO,NOCHE,35,39,33,30,32.0,170,01/15/2001 12:00:00 AM,F,GENERACION E - GRATUIDAD
VAUPES,Sin Estrato,3 a 4,Primaria completa,Primaria completa,No,No,1 o 2 veces por semana,1 o 2 veces por semana,1 o 2 veces por semana,30 minutos o menos,MIXTO,OFICIAL,A,ACADÉMICO,MAÑANA,28,38,38,25,32.0,161,02/17/1998 12:00:00 AM,M,NO
VAUPES,Estrato 1,5 a 6,Primaria completa,Primaria incompleta,No,No,Nunca o rara vez comemos eso,Nunca o rara vez comemos eso,Nunca o rara vez comemos eso,No Navega Internet,MIXTO,OFICIAL,A,ACADÉMICO,MAÑANA,32,25,32,27,43.0,150,06/13/1998 12:00:00 AM,F,GENERACION E - GRATUIDAD
VAUPES,-,,,-,,,-,,-,,MIXTO,OFICIAL,A,TÉCNICO/ACADÉMICO,MAÑANA,45,45,35,31,41.0,196,08/07/2000 12:00:00 AM,M,GENERACION E - GRATUIDAD
VAUPES,Estrato 1,5 a 6,Primaria incompleta,Primaria completa,No,No,1 o 2 veces por semana,1 o 2 veces por semana,Nunca o rara vez comemos eso,No Navega Internet,MIXTO,OFICIAL,A,ACADÉMICO,MAÑANA,33,24,29,30,32.0,146,07/19/2001 12:00:00 AM,F,NO
VAUPES,Sin Estrato,7 a 8,Primaria incompleta,Primaria incompleta,No,No,Nunca o rara vez comemos eso,Nunca o rara vez comemos eso,Nunca o rara vez comemos eso,No Navega Internet,MIXTO,OFICIAL,A,ACADÉMICO,MAÑANA,41,45,37,37,46.0,202,02/03/2002 12:00:00 AM,M,GENERACION E - GRATUIDAD
VAUPES,Estrato 1,7 a 8,Secundaria (Bachillerato) completa,-,No,No,Nunca o rara vez comemos eso,Nunca o rara vez comemos eso,Nunca o rara vez comemos eso,No Navega Internet,MIXTO,OFICIAL,A,TÉCNICO/ACADÉMICO,MAÑANA,53,45,44,36,39.0,220,05/02/2002 12:00:00 AM,M,GENERACION E - GRATUIDAD
VAUPES,Estrato 3,3 a 4,Educación profesional completa,Técnica o tecnológica completa,No,No,Todos o casi todos los días,1 o 2 veces por semana,Nunca o rara vez comemos eso,No Navega Internet,MIXTO,OFICIAL,A,ACADÉMICO,MAÑANA,33,37,31,38,35.0,174,04/29/1997 12:00:00 AM,M,NO
VAUPES,Estrato 2,7 a 8,Primaria completa,Primaria incompleta,No,No,-,1 o 2 veces por semana,Nunca o rara vez comemos eso,30 minutos o menos,MIXTO,OFICIAL,A,ACADÉMICO,MAÑANA,36,31,42,36,43.0,184,02/18/2000 12:00:00 AM,M,GENERACION E - GRATUIDAD
VAUPES,Sin Estrato,5 a 6,Ninguno,Ninguno,No,No,Nunca o rara vez comemos eso,Nunca o rara vez comemos eso,Nunca o rara vez comemos eso,30 minutos o menos,MIXTO,OFICIAL,A,TÉCNICO/ACADÉMICO,MAÑANA,46,45,40,43,45.0,218,12/24/1999 12:00:00 AM,M,NO
VAUPES,Sin Estrato,5 a 6,Técnica o tecnológica incompleta,Secundaria (Bachillerato) incompleta,No,No,Nunca o rara vez comemos eso,Nunca o rara vez comemos eso,Nunca o rara vez comemos eso,No Navega Internet,MIXTO,OFICIAL,A,TÉCNICO,MAÑANA,44,38,44,37,32.0,200,12/20/2002 12:00:00 AM,M,GENERACION E - GRATUIDAD
VAUPES,Sin Estrato,7 a 8,Primaria incompleta,Ninguno,No,No,Nunca o rara vez comemos eso,Nunca o rara vez comemos eso,Nunca o rara vez comemos eso,No Navega Internet,MIXTO,OFICIAL,A,ACADÉMICO,MAÑANA,44,50,44,36,42.0,217,08/21/1993 12:00:00 AM,M,GENERACION E - GRATUIDAD
VAUPES,Estrato 1,3 a 4,Primaria incompleta,Primaria incompleta,No,No,Todos o casi todos los días,Todos o casi todos los días,Todos o casi todos los días,No Navega Internet,MIXTO,OFICIAL,A,ACADÉMICO,MAÑANA,64,55,53,62,51.0,290,11/22/2002 12:00:00 AM,F,GENERACION E - GRATUIDAD
VAUPES,Sin Estrato,-,Secundaria (Bachillerato) incompleta,Primaria incompleta,No,No,1 o 2 veces por semana,Nunca o rara vez comemos eso,Nunca o rara vez comemos eso,No Navega Internet,MIXTO,OFICIAL,A,ACADÉMICO,MAÑANA,38,45,50,28,33.0,198,09/06/2000 12:00:00 AM,M,NO
VAUPES,Sin Estrato,7 a 8,Primaria incompleta,Primaria incompleta,No,No,Nunca o rara vez comemos eso,1 o 2 veces por semana,Nunca o rara vez comemos eso,No Navega Internet,MIXTO,OFICIAL,A,ACADÉMICO,MAÑANA,47,43,46,45,37.0,223,09/23/1998 12:00:00 AM,M,GENERACION E - GRATUIDAD
VAUPES,Estrato 1,5 a 6,Primaria incompleta,Ninguno,No,Si,3 a 5 veces por semana,3 a 5 veces por semana,1 o 2 veces por semana,No Navega Internet,MIXTO,OFICIAL,A,TÉCNICO/ACADÉMICO,MAÑANA,36,39,32,26,31.0,165,12/17/1999 12:00:00 AM,F,NO
VAUPES,Estrato 1,7 a 8,Ninguno,Primaria completa,No,No,Nunca o rara vez comemos eso,3 a 5 veces por semana,Todos o casi todos los días,No Navega Internet,MIXTO,OFICIAL,A,ACADÉMICO,MAÑANA,52,50,38,39,49.0,225,05/16/1997 12:00:00 AM,M,GENERACION E - GRATUIDAD
VAUPES,Sin Estrato,7 a 8,Primaria completa,Primaria incompleta,No,No,Nunca o rara vez comemos eso,1 o 2 veces por semana,1 o 2 veces por semana,No Navega Internet,MIXTO,OFICIAL,A,ACADÉMICO,MAÑANA,28,33,40,29,34.0,163,11/11/1998 12:00:00 AM,M,NO
VAUPES,-,,,-,,,-,,-,,MIXTO,OFICIAL,A,ACADÉMICO,NOCHE,52,33,35,38,35.0,196,01/15/1992 12:00:00 AM,F,GENERACION E - GRATUIDAD
VAUPES,Sin Estrato,3 a 4,Primaria completa,Primaria completa,No,No,Nunca o rara vez comemos eso,1 o 2 veces por semana,Todos o casi todos los días,No Navega Internet,MIXTO,OFICIAL,A,TÉCNICO/ACADÉMICO,NOCHE,38,27,37,25,44.0,163,11/03/1998 12:00:00 AM,F,NO
VAUPES,-,,,-,,,-,,-,,MIXTO,OFICIAL,A,TÉCNICO/ACADÉMICO,NOCHE,42,44,44,31,32.0,198,05/23/1997 12:00:00 AM,M,GENERACION E - GRATUIDAD
VAUPES,Estrato 1,5 a 6,Secundaria (Bachillerato) incompleta,Técnica o tecnológica completa,No,Si,1 o 2 veces por semana,3 a 5 veces por semana,1 o 2 veces por semana,30 minutos o menos,MIXTO,OFICIAL,A,TÉCNICO/ACADÉMICO,MAÑANA,56,53,43,60,39.0,260,01/21/2003 12:00:00 AM,F,GENERACION E - GRATUIDAD
VAUPES,Sin Estrato,1 a 2,Secundaria (Bachillerato) completa,Secundaria (Bachillerato) completa,Si,No,1 o 2 veces por semana,Todos o casi todos los días,Nunca o rara vez comemos eso,No Navega Internet,MIXTO,OFICIAL,A,TÉCNICO/ACADÉMICO,NOCHE,32,29,34,33,31.0,160,08/14/1996 12:00:00 AM,F,NO
VAUPES,-,,Primaria incompleta,Educación profesional completa,-,-,,-,,-,MIXTO,OFICIAL,A,TÉCNICO/ACADÉMICO,MAÑANA,43,42,43,41,45.0,212,05/24/2002 12:00:00 AM,F,GENERACION E - GRATUIDAD
VAUPES,Sin Estrato,3 a 4,Primaria incompleta,Primaria completa,No,No,Nunca o rara vez comemos eso,3 a 5 veces por semana,Nunca o rara vez comemos eso,No Navega Internet,MIXTO,OFICIAL,A,TÉCNICO,MAÑANA,36,35,33,33,39.0,173,09/23/1999 12:00:00 AM,M,GENERACION E - GRATUIDAD
VAUPES,Sin Estrato,7 a 8,Secundaria (Bachillerato) incompleta,Primaria completa,No,No,1 o 2 veces por semana,Nunca o rara vez comemos eso,3 a 5 veces por semana,No Navega Internet,MIXTO,OFICIAL,A,TÉCNICO/ACADÉMICO,NOCHE,52,50,44,47,40.0,238,03/28/1998 12:00:00 AM,M,GENERACION E - GRATUIDAD
VAUPES,Sin Estrato,7 a 8,Secundaria (Bachillerato) incompleta,Primaria completa,No,No,3 a 5 veces por semana,1 o 2 veces por semana,3 a 5 veces por semana,Entre 30 y 60 minutos,MIXTO,OFICIAL,A,TÉCNICO/ACADÉMICO,MAÑANA,50,43,39,39,47.0,215,12/23/2000 12:00:00 AM,M,GENERACION E - GRATUIDAD
VAUPES,Sin Estrato,5 a 6,Primaria incompleta,Ninguno,No,No,Todos o casi todos los días,1 o 2 veces por semana,1 o 2 veces por semana,No Navega Internet,MIXTO,OFICIAL,A,ACADÉMICO,MAÑANA,37,30,38,37,36.0,178,02/09/1999 12:00:00 AM,M,NO
VAUPES,Estrato 1,5 a 6,Ninguno,Primaria incompleta,No,No,Nunca o rara vez comemos eso,1 o 2 veces por semana,3 a 5 veces por semana,Entre 30 y 60 minutos,MIXTO,OFICIAL,A,ACADÉMICO,MAÑANA,31,44,40,32,35.0,183,10/18/1999 12:00:00 AM,M,GENERACION E - GRATUIDAD
VAUPES,Estrato 1,3 a 4,Secundaria (Bachillerato) completa,Secundaria (Bachillerato) completa,No,No,Todos o casi todos los días,1 o 2 veces por semana,Nunca o rara vez comemos eso,No Navega Internet,MIXTO,OFICIAL,A,TÉCNICO/ACADÉMICO,MAÑANA,59,56,41,43,48.0,248,04/27/2001 12:00:00 AM,M,GENERACION E - GRATUIDAD
VAUPES,Estrato 1,5 a 6,Primaria incompleta,Primaria incompleta,No,No,1 o 2 veces por semana,Todos o casi todos los días,Nunca o rara vez comemos eso,Entre 30 y 60 minutos,MIXTO,OFICIAL,A,ACADÉMICO,NOCHE,47,41,46,33,34.0,206,12/28/2001 12:00:00 AM,F,GENERACION E - GRATUIDAD
VAUPES,Estrato 1,9 o más,Secundaria (Bachillerato) completa,Secundaria (Bachillerato) completa,No,Si,1 o 2 veces por semana,1 o 2 veces por semana,Nunca o rara vez comemos eso,Entre 1 y 3 horas,MIXTO,OFICIAL,A,TÉCNICO/ACADÉMICO,NOCHE,44,33,37,37,37.0,188,11/23/1999 12:00:00 AM,M,GENERACION E - GRATUIDAD
VAUPES,-,,,-,,,-,,-,,MIXTO,OFICIAL,A,TÉCNICO/ACADÉMICO,MAÑANA,50,50,38,49,46.0,233,11/16/2002 12:00:00 AM,F,GENERACION E - GRATUIDAD
VAUPES,Estrato 1,3 a 4,Educación profesional completa,Primaria completa,No,Si,Nunca o rara vez comemos eso,1 o 2 veces por semana,1 o 2 veces por semana,Entre 1 y 3 horas,MIXTO,OFICIAL,A,TÉCNICO/ACADÉMICO,MAÑANA,44,43,39,42,36.0,208,07/11/2000 12:00:00 AM,M,GENERACION E - GRATUIDAD
VAUPES,Sin Estrato,7 a 8,Primaria incompleta,Primaria incompleta,No,No,3 a 5 veces por semana,3 a 5 veces por semana,1 o 2 veces por semana,No Navega Internet,MIXTO,OFICIAL,A,TÉCNICO/ACADÉMICO,MAÑANA,49,49,43,43,45.0,230,12/13/1999 12:00:00 AM,M,GENERACION E - GRATUIDAD
VAUPES,Estrato 2,9 o más,Secundaria (Bachillerato) completa,Primaria incompleta,No,No,Todos o casi todos los días,Nunca o rara vez comemos eso,1 o 2 veces por semana,30 minutos o menos,MIXTO,OFICIAL,A,ACADÉMICO,MAÑANA,42,41,47,34,54.0,210,06/03/2002 12:00:00 AM,M,GENERACION E - GRATUIDAD
VAUPES,Estrato 4,7 a 8,Primaria incompleta,Ninguno,No,No,Nunca o rara vez comemos eso,1 o 2 veces por semana,1 o 2 veces por semana,Entre 30 y 60 minutos,MIXTO,OFICIAL,A,TÉCNICO/ACADÉMICO,MAÑANA,34,33,37,32,44.0,174,11/11/1997 12:00:00 AM,M,GENERACION E - GRATUIDAD
VAUPES,Sin Estrato,9 o más,Educación profesional completa,Primaria completa,No,Si,Nunca o rara vez comemos eso,1 o 2 veces por semana,1 o 2 veces por semana,30 minutos o menos,MIXTO,OFICIAL,A,TÉCNICO/ACADÉMICO,MAÑANA,43,48,38,36,39.0,205,11/22/2001 12:00:00 AM,F,NO
VAUPES,Estrato 5,5 a 6,Secundaria (Bachillerato) completa,Secundaria (Bachillerato) incompleta,No,Si,3 a 5 veces por semana,1 o 2 veces por semana,1 o 2 veces por semana,30 minutos o menos,MIXTO,OFICIAL,A,TÉCNICO/ACADÉMICO,MAÑANA,40,27,33,35,34.0,169,04/01/2001 12:00:00 AM,F,GENERACION E - GRATUIDAD
VAUPES,-,,,-,,,-,,-,,MIXTO,OFICIAL,A,TÉCNICO/ACADÉMICO,MAÑANA,42,37,31,47,41.0,197,05/16/2003 12:00:00 AM,F,GENERACION E - GRATUIDAD
VAUPES,-,5 a 6,-,,-,No,,-,,,MIXTO,OFICIAL,A,ACADÉMICO,MAÑANA,37,34,36,29,38.0,172,07/28/2000 12:00:00 AM,M,NO
VAUPES,Estrato 2,5 a 6,Secundaria (Bachillerato) completa,Primaria completa,No,No,1 o 2 veces por semana,1 o 2 veces por semana,1 o 2 veces por semana,Entre 30 y 60 minutos,MIXTO,OFICIAL,A,TÉCNICO/ACADÉMICO,MAÑANA,43,52,46,43,39.0,227,05/16/2003 12:00:00 AM,M,GENERACION E - GRATUIDAD
VAUPES,Estrato 1,3 a 4,-,Técnica o tecnológica completa,No,No,Nunca o rara vez comemos eso,Todos o casi todos los días,Nunca o rara vez comemos eso,Entre 1 y 3 horas,MIXTO,OFICIAL,A,TÉCNICO/ACADÉMICO,MAÑANA,56,64,52,55,48.0,280,01/08/2003 12:00:00 AM,M,GENERACION E - GRATUIDAD
VAUPES,Estrato 1,7 a 8,Primaria incompleta,Ninguno,No,Si,3 a 5 veces por semana,Nunca o rara vez comemos eso,Todos o casi todos los días,No Navega Internet,MIXTO,OFICIAL,A,TÉCNICO,MAÑANA,41,36,52,33,46.0,205,05/04/1998 12:00:00 AM,M,GENERACION E - GRATUIDAD
VAUPES,Sin Estrato,5 a 6,Primaria incompleta,Primaria incompleta,No,No,Nunca o rara vez comemos eso,Nunca o rara vez comemos eso,Nunca o rara vez comemos eso,No Navega Internet,MIXTO,OFICIAL,A,ACADÉMICO,MAÑANA,36,36,43,27,38.0,178,02/15/2001 12:00:00 AM,M,NO
VAUPES,Estrato 1,9 o más,Primaria completa,Primaria completa,No,No,Nunca o rara vez comemos eso,Nunca o rara vez comemos eso,Nunca o rara vez comemos eso,Entre 1 y 3 horas,MIXTO,OFICIAL,A,TÉCNICO/ACADÉMICO,NOCHE,39,34,48,43,46.0,207,04/12/2001 12:00:00 AM,M,GENERACION E - GRATUIDAD
VAUPES,Sin Estrato,7 a 8,Secundaria (Bachillerato) completa,Secundaria (Bachillerato) incompleta,No,Si,Todos o casi todos los días,Todos o casi todos los días,Todos o casi todos los días,Más de 3 horas,MIXTO,OFICIAL,A,TÉCNICO/ACADÉMICO,NOCHE,49,43,43,47,41.0,226,03/17/2003 12:00:00 AM,F,GENERACION E - GRATUIDAD
VAUPES,Estrato 1,9 o más,Secundaria (Bachillerato) incompleta,Secundaria (Bachillerato) completa,No,Si,1 o 2 veces por semana,Todos o casi todos los días,Nunca o rara vez comemos eso,Entre 30 y 60 minutos,MIXTO,OFICIAL,A,TÉCNICO/ACADÉMICO,MAÑANA,41,45,39,32,36.0,195,06/22/2003 12:00:00 AM,F,NO
VAUPES,Estrato 2,5 a 6,Primaria incompleta,Primaria incompleta,No,Si,Todos o casi todos los días,Todos o casi todos los días,Todos o casi todos los días,Entre 30 y 60 minutos,MIXTO,OFICIAL,A,TÉCNICO/ACADÉMICO,MAÑANA,49,37,35,42,37.0,202,05/02/2002 12:00:00 AM,F,GENERACION E - GRATUIDAD
VAUPES,Estrato 1,3 a 4,Educación profesional completa,Educación profesional completa,Si,Si,Todos o casi todos los días,Todos o casi todos los días,1 o 2 veces por semana,Más de 3 horas,MIXTO,OFICIAL,A,TÉCNICO/ACADÉMICO,MAÑANA,34,36,34,34,38.0,174,07/30/2002 12:00:00 AM,F,GENERACION E - GRATUIDAD
VAUPES,Sin Estrato,9 o más,Primaria incompleta,Primaria incompleta,No,Si,3 a 5 veces por semana,Todos o casi todos los días,3 a 5 veces por semana,No Navega Internet,MIXTO,OFICIAL,A,TÉCNICO/ACADÉMICO,NOCHE,37,23,27,27,27.0,142,12/23/1998 12:00:00 AM,M,GENERACION E - GRATUIDAD
VAUPES,Sin Estrato,9 o más,Primaria completa,Ninguno,No,No,Nunca o rara vez comemos eso,1 o 2 veces por semana,Nunca o rara vez comemos eso,No Navega Internet,MIXTO,OFICIAL,A,ACADÉMICO,MAÑANA,46,32,36,26,48.0,180,07/20/1997 12:00:00 AM,M,NO
VAUPES,Sin Estrato,7 a 8,Secundaria (Bachillerato) completa,Secundaria (Bachillerato) incompleta,No,-,Nunca o rara vez comemos eso,Nunca o rara vez comemos eso,Nunca o rara vez comemos eso,No Navega Internet,MIXTO,NO OFICIAL,A,TÉCNICO,SABATINA,32,35,26,38,32.0,163,01/29/1974 12:00:00 AM,M,GENERACION E - GRATUIDAD
VAUPES,Sin Estrato,5 a 6,Secundaria (Bachillerato) incompleta,Primaria completa,Si,Si,1 o 2 veces por semana,Todos o casi todos los días,1 o 2 veces por semana,Entre 30 y 60 minutos,MIXTO,OFICIAL,A,TÉCNICO/ACADÉMICO,NOCHE,34,32,28,22,36.0,148,04/05/2001 12:00:00 AM,F,NO
VAUPES,Sin Estrato,9 o más,Secundaria (Bachillerato) completa,Secundaria (Bachillerato) completa,No,No,Nunca o rara vez comemos eso,Nunca o rara vez comemos eso,Nunca o rara vez comemos eso,Entre 1 y 3 horas,MIXTO,OFICIAL,A,TÉCNICO/ACADÉMICO,NOCHE,37,44,37,34,39.0,190,08/17/1998 12:00:00 AM,F,GENERACION E - GRATUIDAD
VAUPES,Estrato 2,9 o más,Ninguno,Primaria incompleta,No,No,Nunca o rara vez comemos eso,1 o 2 veces por semana,Nunca o rara vez comemos eso,No Navega Internet,MIXTO,OFICIAL,A,TÉCNICO/ACADÉMICO,NOCHE,52,41,29,41,41.0,204,11/19/2001 12:00:00 AM,M,GENERACION E - GRATUIDAD
VAUPES,-,3 a 4,-,,-,-,,-,,,MIXTO,OFICIAL,A,ACADÉMICO,MAÑANA,41,36,44,31,31.0,187,11/04/1999 12:00:00 AM,F,GENERACION E - GRATUIDAD
VAUPES,Sin Estrato,7 a 8,Primaria incompleta,Ninguno,No,Si,Nunca o rara vez comemos eso,Nunca o rara vez comemos eso,Nunca o rara vez comemos eso,No Navega Internet,MIXTO,OFICIAL,A,ACADÉMICO,MAÑANA,52,51,49,53,45.0,254,08/25/2000 12:00:00 AM,M,NO
VAUPES,Estrato 2,7 a 8,Secundaria (Bachillerato) incompleta,Secundaria (Bachillerato) incompleta,Si,No,1 o 2 veces por semana,1 o 2 veces por semana,1 o 2 veces por semana,No Navega Internet,MIXTO,OFICIAL,A,TÉCNICO/ACADÉMICO,MAÑANA,49,41,34,39,52.0,208,01/21/2002 12:00:00 AM,M,GENERACION E - GRATUIDAD
VAUPES,Estrato 1,3 a 4,Primaria completa,Primaria incompleta,No,No,Nunca o rara vez comemos eso,1 o 2 veces por semana,Todos o casi todos los días,Entre 1 y 3 horas,MIXTO,OFICIAL,A,ACADÉMICO,MAÑANA,45,40,36,24,41.0,183,11/20/2002 12:00:00 AM,M,NO
VAUPES,Estrato 1,5 a 6,Primaria completa,Primaria completa,No,No,1 o 2 veces por semana,3 a 5 veces por semana,3 a 5 veces por semana,30 minutos o menos,MIXTO,OFICIAL,A,TÉCNICO/ACADÉMICO,NOCHE,48,43,41,47,42.0,223,04/18/2001 12:00:00 AM,F,GENERACION E - GRATUIDAD
VAUPES,Sin Estrato,7 a 8,Secundaria (Bachillerato) completa,Primaria completa,No,No,1 o 2 veces por semana,1 o 2 veces por semana,1 o 2 veces por semana,No Navega Internet,MIXTO,OFICIAL,A,TÉCNICO/ACADÉMICO,MAÑANA,45,35,44,38,40.0,202,02/15/1999 12:00:00 AM,M,NO
VAUPES,Sin Estrato,7 a 8,Secundaria (Bachillerato) incompleta,Ninguno,No,Si,1 o 2 veces por semana,1 o 2 veces por semana,1 o 2 veces por semana,No Navega Internet,MIXTO,OFICIAL,A,TÉCNICO/ACADÉMICO,MAÑANA,33,39,42,42,38.0,195,05/06/2001 12:00:00 AM,F,GENERACION E - GRATUIDAD
VAUPES,-,5 a 6,-,,-,Si,,-,,,MIXTO,OFICIAL,A,TÉCNICO/ACADÉMICO,MAÑANA,55,57,54,47,56.0,267,02/13/2002 12:00:00 AM,F,GENERACION E - GRATUIDAD
VAUPES,Sin Estrato,3 a 4,Secundaria (Bachillerato) completa,Primaria completa,No,No,1 o 2 veces por semana,Nunca o rara vez comemos eso,Nunca o rara vez comemos eso,No Navega Internet,MIXTO,OFICIAL,A,ACADÉMICO,MAÑANA,31,30,42,30,32.0,166,03/29/1998 12:00:00 AM,M,GENERACION E - GRATUIDAD
VAUPES,Estrato 6,5 a 6,Secundaria (Bachillerato) completa,Secundaria (Bachillerato) completa,No,Si,3 a 5 veces por semana,Todos o casi todos los días,Todos o casi todos los días,Entre 30 y 60 minutos,MIXTO,OFICIAL,A,TÉCNICO,MAÑANA,43,42,45,42,40.0,214,01/21/1999 12:00:00 AM,F,GENERACION E - GRATUIDAD
VAUPES,Estrato 1,7 a 8,Secundaria (Bachillerato) incompleta,Primaria incompleta,No,No,1 o 2 veces por semana,1 o 2 veces por semana,Todos o casi todos los días,30 minutos o menos,MIXTO,OFICIAL,A,TÉCNICO/ACADÉMICO,MAÑANA,37,29,43,45,40.0,193,05/14/1999 12:00:00 AM,M,GENERACION E - GRATUIDAD
VAUPES,Sin Estrato,7 a 8,Primaria incompleta,Primaria completa,No,No,Nunca o rara vez comemos eso,1 o 2 veces por semana,Nunca o rara vez comemos eso,No Navega Internet,MIXTO,OFICIAL,A,TÉCNICO/ACADÉMICO,MAÑANA,49,47,38,35,33.0,208,12/23/2000 12:00:00 AM,M,GENERACION E - GRATUIDAD
VAUPES,-,,,-,,,-,,-,,MIXTO,OFICIAL,A,ACADÉMICO,NOCHE,30,25,29,33,28.0,146,09/08/1981 12:00:00 AM,M,GENERACION E - GRATUIDAD
VAUPES,Estrato 2,5 a 6,Secundaria (Bachillerato) completa,Secundaria (Bachillerato) completa,No,No,Todos o casi todos los días,3 a 5 veces por semana,3 a 5 veces por semana,Entre 1 y 3 horas,MIXTO,OFICIAL,A,TÉCNICO/ACADÉMICO,NOCHE,37,30,41,35,49.0,184,07/01/1992 12:00:00 AM,M,GENERACION E - GRATUIDAD
VAUPES,Sin Estrato,7 a 8,Primaria completa,Primaria completa,No,No,3 a 5 veces por semana,Todos o casi todos los días,Todos o casi todos los días,Más de 3 horas,MIXTO,OFICIAL,A,ACADÉMICO,MAÑANA,37,26,38,32,37.0,168,11/18/1998 12:00:00 AM,M,GENERACION E - GRATUIDAD
VAUPES,Sin Estrato,3 a 4,Secundaria (Bachillerato) incompleta,Primaria incompleta,No,No,Nunca o rara vez comemos eso,3 a 5 veces por semana,1 o 2 veces por semana,No Navega Internet,MIXTO,OFICIAL,A,TÉCNICO/ACADÉMICO,MAÑANA,52,51,46,41,44.0,236,01/10/1999 12:00:00 AM,M,NO
VAUPES,Sin Estrato,3 a 4,Secundaria (Bachillerato) completa,No sabe,No,No,1 o 2 veces por semana,Todos o casi todos los días,Nunca o rara vez comemos eso,Entre 30 y 60 minutos,MIXTO,OFICIAL,A,ACADÉMICO,MAÑANA,37,37,41,30,37.0,182,09/27/2000 12:00:00 AM,M,GENERACION E - GRATUIDAD
VAUPES,Estrato 1,3 a 4,No sabe,Técnica o tecnológica completa,No,No,1 o 2 veces por semana,3 a 5 veces por semana,1 o 2 veces por semana,Entre 30 y 60 minutos,MIXTO,OFICIAL,A,ACADÉMICO,MAÑANA,59,56,61,52,56.0,285,08/28/2003 12:00:00 AM,M,GENERACION E - GRATUIDAD
VAUPES,Estrato 1,7 a 8,Secundaria (Bachillerato) incompleta,Secundaria (Bachillerato) incompleta,Si,Si,Todos o casi todos los días,Todos o casi todos los días,Todos o casi todos los días,30 minutos o menos,MIXTO,OFICIAL,A,TÉCNICO,MAÑANA,46,42,39,47,43.0,217,03/18/2000 12:00:00 AM,M,GENERACION E - GRATUIDAD
VAUPES,Sin Estrato,7 a 8,Secundaria (Bachillerato) incompleta,Secundaria (Bachillerato) incompleta,No,Si,Nunca o rara vez comemos eso,1 o 2 veces por semana,Nunca o rara vez comemos eso,Más de 3 horas,MIXTO,OFICIAL,A,TÉCNICO,MAÑANA,47,41,42,37,34.0,206,12/08/2000 12:00:00 AM,M,GENERACION E - GRATUIDAD
VAUPES,Estrato 1,7 a 8,Secundaria (Bachillerato) completa,Secundaria (Bachillerato) incompleta,No,No,1 o 2 veces por semana,1 o 2 veces por semana,Nunca o rara vez comemos eso,30 minutos o menos,MIXTO,OFICIAL,A,TÉCNICO/ACADÉMICO,MAÑANA,62,57,50,54,49.0,276,07/09/2002 12:00:00 AM,M,GENERACION E - GRATUIDAD
VAUPES,-,,,-,,,-,,-,,MIXTO,OFICIAL,A,TÉCNICO/ACADÉMICO,NOCHE,50,51,38,27,42.0,208,10/04/2000 12:00:00 AM,M,GENERACION E - GRATUIDAD
VAUPES,Estrato 4,5 a 6,Primaria completa,Técnica o tecnológica incompleta,No,No,3 a 5 veces por semana,1 o 2 veces por semana,Todos o casi todos los días,Más de 3 horas,MIXTO,OFICIAL,A,ACADÉMICO,MAÑANA,40,20,39,32,32.0,163,09/11/1997 12:00:00 AM,M,NO
VAUPES,Estrato 1,7 a 8,Secundaria (Bachillerato) completa,Técnica o tecnológica completa,No,Si,1 o 2 veces por semana,Todos o casi todos los días,Nunca o rara vez comemos eso,Entre 30 y 60 minutos,MIXTO,OFICIAL,A,TÉCNICO,MAÑANA,65,59,67,61,55.0,312,09/02/2000 12:00:00 AM,M,GENERACION E - EXCELENCIA DEPARTAMENTAL
VAUPES,Estrato 1,1 a 2,Secundaria (Bachillerato) incompleta,Primaria incompleta,No,Si,Nunca o rara vez comemos eso,Nunca o rara vez comemos eso,3 a 5 veces por semana,No Navega Internet,MIXTO,OFICIAL,A,ACADÉMICO,MAÑANA,53,63,48,56,49.0,273,04/14/2003 12:00:00 AM,M,GENERACION E - GRATUIDAD
VAUPES,Sin Estrato,7 a 8,Primaria incompleta,Primaria completa,No,No,Nunca o rara vez comemos eso,1 o 2 veces por semana,1 o 2 veces por semana,No Navega Internet,MIXTO,OFICIAL,A,TÉCNICO/ACADÉMICO,MAÑANA,32,45,45,36,52.0,202,03/28/1999 12:00:00 AM,M,NO
VAUPES,Sin Estrato,3 a 4,Secundaria (Bachillerato) incompleta,Primaria incompleta,No,No,Nunca o rara vez comemos eso,1 o 2 veces por semana,1 o 2 veces por semana,30 minutos o menos,MIXTO,OFICIAL,A,TÉCNICO,MAÑANA,45,34,45,37,47.0,204,10/10/2002 12:00:00 AM,M,NO
VAUPES,Estrato 3,7 a 8,Técnica o tecnológica completa,Secundaria (Bachillerato) completa,Si,No,1 o 2 veces por semana,1 o 2 veces por semana,Nunca o rara vez comemos eso,Entre 1 y 3 horas,MIXTO,OFICIAL,A,ACADÉMICO,MAÑANA,34,32,34,31,32.0,163,03/10/1993 12:00:00 AM,M,NO
VAUPES,Sin Estrato,5 a 6,Ninguno,Primaria incompleta,No,No,Nunca o rara vez comemos eso,Nunca o rara vez comemos eso,Nunca o rara vez comemos eso,No Navega Internet,MIXTO,OFICIAL,A,ACADÉMICO,MAÑANA,40,36,40,26,35.0,177,04/02/1997 12:00:00 AM,M,GENERACION E - GRATUIDAD
VAUPES,Estrato 1,5 a 6,Primaria incompleta,Primaria incompleta,No,No,1 o 2 veces por semana,1 o 2 veces por semana,Nunca o rara vez comemos eso,Entre 1 y 3 horas,MIXTO,OFICIAL,A,TÉCNICO,MAÑANA,48,54,50,51,36.0,248,01/03/2001 12:00:00 AM,M,GENERACION E - GRATUIDAD
VAUPES,Estrato 2,9 o más,Técnica o tecnológica incompleta,Primaria completa,No,Si,1 o 2 veces por semana,1 o 2 veces por semana,1 o 2 veces por semana,30 minutos o menos,MIXTO,OFICIAL,A,TÉCNICO/ACADÉMICO,NOCHE,39,41,38,37,47.0,197,12/01/1995 12:00:00 AM,M,GENERACION E - GRATUIDAD
VAUPES,Sin Estrato,1 a 2,Ninguno,Primaria incompleta,No,No,1 o 2 veces por semana,Nunca o rara vez comemos eso,1 o 2 veces por semana,30 minutos o menos,MIXTO,OFICIAL,A,ACADÉMICO,NOCHE,61,53,47,53,46.0,265,04/22/1998 12:00:00 AM,M,GENERACION E - GRATUIDAD
VAUPES,Estrato 1,7 a 8,Educación profesional completa,Primaria incompleta,No,Si,3 a 5 veces por semana,3 a 5 veces por semana,Nunca o rara vez comemos eso,30 minutos o menos,MIXTO,OFICIAL,A,TÉCNICO/ACADÉMICO,MAÑANA,48,55,36,54,43.0,239,01/14/2001 12:00:00 AM,M,GENERACION E - GRATUIDAD
VAUPES,Estrato 1,3 a 4,Secundaria (Bachillerato) completa,Secundaria (Bachillerato) completa,No,Si,1 o 2 veces por semana,Todos o casi todos los días,3 a 5 veces por semana,No Navega Internet,MIXTO,OFICIAL,A,TÉCNICO/ACADÉMICO,MAÑANA,40,33,28,36,43.0,175,07/18/2002 12:00:00 AM,F,GENERACION E - GRATUIDAD
VAUPES,Sin Estrato,5 a 6,Ninguno,Ninguno,No,No,Nunca o rara vez comemos eso,1 o 2 veces por semana,Nunca o rara vez comemos eso,Entre 30 y 60 minutos,MIXTO,OFICIAL,A,TÉCNICO,MAÑANA,29,42,51,38,41.0,200,04/06/2001 12:00:00 AM,M,GENERACION E - GRATUIDAD
VAUPES,-,,,-,,,-,,-,,MIXTO,OFICIAL,A,TÉCNICO/ACADÉMICO,MAÑANA,64,65,57,51,62.0,297,10/22/2002 12:00:00 AM,M,NO
VAUPES,Estrato 2,7 a 8,Técnica o tecnológica completa,Secundaria (Bachillerato) completa,No,Si,3 a 5 veces por semana,Todos o casi todos los días,1 o 2 veces por semana,30 minutos o menos,MIXTO,OFICIAL,A,TÉCNICO/ACADÉMICO,NOCHE,39,42,47,50,24.0,215,05/09/1995 12:00:00 AM,M,GENERACION E - GRATUIDAD
VAUPES,-,,,-,,,-,,-,,MIXTO,OFICIAL,A,TÉCNICO/ACADÉMICO,MAÑANA,55,50,39,52,46.0,244,01/04/2002 12:00:00 AM,M,GENERACION E - GRATUIDAD
VAUPES,Estrato 1,3 a 4,Primaria completa,Primaria incompleta,No,No,1 o 2 veces por semana,1 o 2 veces por semana,1 o 2 veces por semana,No Navega Internet,MIXTO,OFICIAL,A,TÉCNICO/ACADÉMICO,NOCHE,33,32,36,24,36.0,158,11/20/1978 12:00:00 AM,M,GENERACION E - GRATUIDAD
VAUPES,Estrato 1,7 a 8,No sabe,No sabe,No,Si,Nunca o rara vez comemos eso,3 a 5 veces por semana,Nunca o rara vez comemos eso,Entre 1 y 3 horas,MIXTO,OFICIAL,A,TÉCNICO/ACADÉMICO,MAÑANA,62,57,57,53,60.0,287,01/24/2003 12:00:00 AM,M,GENERACION E - GRATUIDAD
VAUPES,Estrato 3,9 o más,Secundaria (Bachillerato) incompleta,No sabe,No,Si,1 o 2 veces por semana,3 a 5 veces por semana,3 a 5 veces por semana,Entre 1 y 3 horas,MIXTO,OFICIAL,A,TÉCNICO,MAÑANA,45,46,50,32,36.0,213,02/18/2002 12:00:00 AM,M,GENERACION E - GRATUIDAD
VAUPES,Sin Estrato,9 o más,Primaria completa,Primaria completa,No,No,Nunca o rara vez comemos eso,Todos o casi todos los días,Nunca o rara vez comemos eso,No Navega Internet,MIXTO,OFICIAL,A,ACADÉMICO,MAÑANA,31,38,36,28,37.0,168,03/06/2000 12:00:00 AM,M,NO
VAUPES,Sin Estrato,9 o más,Secundaria (Bachillerato) completa,Primaria completa,No,No,Nunca o rara vez comemos eso,Todos o casi todos los días,Nunca o rara vez comemos eso,No Navega Internet,MIXTO,OFICIAL,A,ACADÉMICO,MAÑANA,47,41,40,43,51.0,217,07/02/2002 12:00:00 AM,M,GENERACION E - GRATUIDAD
VAUPES,Estrato 1,5 a 6,Secundaria (Bachillerato) incompleta,Primaria incompleta,No,No,-,Nunca o rara vez comemos eso,1 o 2 veces por semana,Entre 1 y 3 horas,MIXTO,OFICIAL,A,TÉCNICO/ACADÉMICO,NOCHE,41,37,38,44,36.0,198,04/01/1996 12:00:00 AM,M,GENERACION E - GRATUIDAD
VAUPES,-,,,-,,,-,,-,,MIXTO,OFICIAL,A,TÉCNICO/ACADÉMICO,MAÑANA,51,38,48,46,59.0,234,07/28/2001 12:00:00 AM,M,GENERACION E - GRATUIDAD
VAUPES,Sin Estrato,3 a 4,Ninguno,Ninguno,No,No,Nunca o rara vez comemos eso,Todos o casi todos los días,Nunca o rara vez comemos eso,Entre 30 y 60 minutos,MIXTO,OFICIAL,A,ACADÉMICO,MAÑANA,36,30,41,29,40.0,172,07/13/1999 12:00:00 AM,M,GENERACION E - GRATUIDAD
VAUPES,-,7 a 8,Primaria completa,Primaria incompleta,No,No,1 o 2 veces por semana,1 o 2 veces por semana,Nunca o rara vez comemos eso,Entre 30 y 60 minutos,MIXTO,OFICIAL,A,ACADÉMICO,MAÑANA,35,29,37,38,40.0,176,12/04/1998 12:00:00 AM,M,GENERACION E - GRATUIDAD
VAUPES,Sin Estrato,3 a 4,Primaria completa,Ninguno,No,No,3 a 5 veces por semana,3 a 5 veces por semana,Nunca o rara vez comemos eso,No Navega Internet,MIXTO,OFICIAL,A,TÉCNICO/ACADÉMICO,MAÑANA,36,30,27,24,37.0,149,12/16/1998 12:00:00 AM,M,GENERACION E - GRATUIDAD
VAUPES,Sin Estrato,7 a 8,No sabe,Primaria incompleta,No,No,Nunca o rara vez comemos eso,1 o 2 veces por semana,3 a 5 veces por semana,30 minutos o menos,MIXTO,OFICIAL,A,ACADÉMICO,MAÑANA,46,39,39,36,40.0,200,11/12/1999 12:00:00 AM,M,GENERACION E - GRATUIDAD
VAUPES,Sin Estrato,5 a 6,Secundaria (Bachillerato) completa,Primaria completa,No,No,1 o 2 veces por semana,3 a 5 veces por semana,1 o 2 veces por semana,No Navega Internet,MIXTO,OFICIAL,A,TÉCNICO/ACADÉMICO,MAÑANA,43,59,57,55,46.0,265,11/22/2001 12:00:00 AM,M,GENERACION E - GRATUIDAD
VAUPES,-,9 o más,-,,-,No,,-,,,MIXTO,OFICIAL,A,TÉCNICO/ACADÉMICO,MAÑANA,59,49,32,40,38.0,222,06/04/2000 12:00:00 AM,M,NO
VAUPES,Estrato 1,-,Secundaria (Bachillerato) completa,Ninguno,-,-,,-,,-,MIXTO,OFICIAL,A,TÉCNICO/ACADÉMICO,NOCHE,36,46,41,34,44.0,198,01/18/2000 12:00:00 AM,M,GENERACION E - GRATUIDAD
VAUPES,Estrato 1,3 a 4,Primaria completa,Técnica o tecnológica completa,No,No,1 o 2 veces por semana,Todos o casi todos los días,1 o 2 veces por semana,Más de 3 horas,MIXTO,OFICIAL,A,TÉCNICO/ACADÉMICO,MAÑANA,62,52,37,48,66.0,255,07/01/2003 12:00:00 AM,F,NO
VAUPES,Sin Estrato,3 a 4,Secundaria (Bachillerato) completa,Primaria incompleta,No,No,Nunca o rara vez comemos eso,Todos o casi todos los días,Nunca o rara vez comemos eso,Entre 30 y 60 minutos,MIXTO,OFICIAL,A,ACADÉMICO,MAÑANA,42,42,41,38,35.0,202,11/28/1998 12:00:00 AM,F,NO
VAUPES,-,3 a 4,-,,-,Si,,-,,,MIXTO,OFICIAL,A,TÉCNICO/ACADÉMICO,MAÑANA,58,54,53,60,49.0,278,04/17/2003 12:00:00 AM,F,GENERACION E - GRATUIDAD
VAUPES,Estrato 5,3 a 4,Secundaria (Bachillerato) incompleta,Ninguno,No,No,3 a 5 veces por semana,1 o 2 veces por semana,3 a 5 veces por semana,No Navega Internet,MIXTO,OFICIAL,A,TÉCNICO/ACADÉMICO,NOCHE,47,32,25,31,37.0,170,08/21/2001 12:00:00 AM,M,NO
VAUPES,Sin Estrato,3 a 4,Primaria completa,Primaria incompleta,No,No,Nunca o rara vez comemos eso,Nunca o rara vez comemos eso,Nunca o rara vez comemos eso,30 minutos o menos,MIXTO,OFICIAL,A,ACADÉMICO,MAÑANA,35,33,41,30,39.0,175,05/05/1999 12:00:00 AM,M,GENERACION E - GRATUIDAD
VAUPES,Sin Estrato,5 a 6,Secundaria (Bachillerato) incompleta,Secundaria (Bachillerato) incompleta,No,No,1 o 2 veces por semana,3 a 5 veces por semana,3 a 5 veces por semana,No Navega Internet,MIXTO,OFICIAL,A,TÉCNICO,MAÑANA,38,27,43,44,48.0,194,12/11/1998 12:00:00 AM,F,GENERACION E - GRATUIDAD
VAUPES,Estrato 3,9 o más,Secundaria (Bachillerato) incompleta,Secundaria (Bachillerato) incompleta,No,No,1 o 2 veces por semana,3 a 5 veces por semana,Todos o casi todos los días,Entre 30 y 60 minutos,MIXTO,OFICIAL,A,TÉCNICO,MAÑANA,35,36,37,27,41.0,172,11/26/1999 12:00:00 AM,F,NO
VAUPES,Estrato 1,7 a 8,Secundaria (Bachillerato) completa,Secundaria (Bachillerato) incompleta,No,No,Todos o casi todos los días,Todos o casi todos los días,1 o 2 veces por semana,Entre 30 y 60 minutos,MIXTO,OFICIAL,A,TÉCNICO/ACADÉMICO,MAÑANA,64,47,45,48,44.0,252,08/18/2002 12:00:00 AM,F,GENERACION E - GRATUIDAD
VAUPES,Estrato 1,5 a 6,Primaria incompleta,Primaria completa,No,Si,1 o 2 veces por semana,1 o 2 veces por semana,1 o 2 veces por semana,30 minutos o menos,MIXTO,OFICIAL,A,TÉCNICO/ACADÉMICO,NOCHE,43,31,41,42,44.0,198,01/24/2000 12:00:00 AM,F,GENERACION E - GRATUIDAD
VAUPES,Estrato 1,5 a 6,Secundaria (Bachillerato) completa,Secundaria (Bachillerato) completa,No,No,3 a 5 veces por semana,Todos o casi todos los días,Todos o casi todos los días,Entre 30 y 60 minutos,MIXTO,OFICIAL,A,TÉCNICO/ACADÉMICO,NOCHE,35,33,33,25,39.0,160,01/02/2001 12:00:00 AM,F,GENERACION E - GRATUIDAD
VAUPES,Estrato 1,7 a 8,Secundaria (Bachillerato) completa,Primaria incompleta,Si,Si,1 o 2 veces por semana,3 a 5 veces por semana,1 o 2 veces por semana,No Navega Internet,MIXTO,OFICIAL,A,TÉCNICO/ACADÉMICO,NOCHE,41,43,37,41,35.0,200,09/06/2002 12:00:00 AM,F,GENERACION E - GRATUIDAD
VAUPES,Sin Estrato,9 o más,Secundaria (Bachillerato) incompleta,Primaria incompleta,No,No,Nunca o rara vez comemos eso,Nunca o rara vez comemos eso,Nunca o rara vez comemos eso,30 minutos o menos,MIXTO,OFICIAL,A,TÉCNICO,MAÑANA,44,38,35,41,47.0,200,11/08/2001 12:00:00 AM,F,GENERACION E - GRATUIDAD
VAUPES,Estrato 3,5 a 6,Técnica o tecnológica completa,Técnica o tecnológica completa,No,Si,Todos o casi todos los días,Todos o casi todos los días,1 o 2 veces por semana,30 minutos o menos,MIXTO,OFICIAL,A,TÉCNICO/ACADÉMICO,MAÑANA,55,51,44,43,50.0,242,10/17/2002 12:00:00 AM,M,GENERACION E - GRATUIDAD
VAUPES,Estrato 1,3 a 4,Secundaria (Bachillerato) incompleta,Secundaria (Bachillerato) incompleta,No,No,1 o 2 veces por semana,Todos o casi todos los días,3 a 5 veces por semana,Entre 1 y 3 horas,MIXTO,OFICIAL,A,ACADÉMICO,MAÑANA,46,52,47,48,53.0,243,10/05/2002 12:00:00 AM,M,GENERACION E - GRATUIDAD
VAUPES,Sin Estrato,5 a 6,Educación profesional incompleta,Educación profesional completa,No,Si,1 o 2 veces por semana,Todos o casi todos los días,3 a 5 veces por semana,Más de 3 horas,MIXTO,OFICIAL,A,TÉCNICO/ACADÉMICO,NOCHE,61,53,38,44,48.0,245,04/28/2004 12:00:00 AM,F,GENERACION E - GRATUIDAD
VAUPES,Estrato 1,5 a 6,Primaria completa,Ninguno,No,No,Todos o casi todos los días,Todos o casi todos los días,1 o 2 veces por semana,Más de 3 horas,MIXTO,OFICIAL,A,TÉCNICO/ACADÉMICO,NOCHE,32,31,31,35,39.0,164,12/19/2003 12:00:00 AM,F,GENERACION E - GRATUIDAD
VAUPES,Estrato 5,5 a 6,Secundaria (Bachillerato) completa,Técnica o tecnológica completa,Si,Si,3 a 5 veces por semana,Nunca o rara vez comemos eso,Todos o casi todos los días,No Navega Internet,MIXTO,NO OFICIAL,A,TÉCNICO,SABATINA,41,24,31,22,23.0,145,02/17/2002 12:00:00 AM,F,GENERACION E - GRATUIDAD
VAUPES,Sin Estrato,7 a 8,Secundaria (Bachillerato) incompleta,Secundaria (Bachillerato) incompleta,No,No,1 o 2 veces por semana,Nunca o rara vez comemos eso,1 o 2 veces por semana,No Navega Internet,MIXTO,OFICIAL,A,TÉCNICO/ACADÉMICO,NOCHE,39,32,33,29,31.0,165,08/06/2001 12:00:00 AM,F,GENERACION E - GRATUIDAD
VAUPES,-,5 a 6,-,,-,No,,-,,,MIXTO,OFICIAL,A,TÉCNICO/ACADÉMICO,MAÑANA,52,49,41,44,35.0,228,03/05/2003 12:00:00 AM,F,GENERACION E - GRATUIDAD
VAUPES,-,5 a 6,-,,-,No,,-,,,MIXTO,OFICIAL,A,TÉCNICO/ACADÉMICO,NOCHE,44,35,31,28,42.0,175,09/11/2000 12:00:00 AM,F,GENERACION E - GRATUIDAD
VAUPES,-,9 o más,-,,-,No,,-,,,MIXTO,OFICIAL,A,TÉCNICO/ACADÉMICO,NOCHE,53,49,39,50,49.0,239,09/26/1996 12:00:00 AM,F,GENERACION E - GRATUIDAD
VAUPES,Sin Estrato,7 a 8,Ninguno,Primaria incompleta,No,No,Nunca o rara vez comemos eso,1 o 2 veces por semana,1 o 2 veces por semana,30 minutos o menos,MIXTO,OFICIAL,A,ACADÉMICO,MAÑANA,31,39,31,36,29.0,169,09/04/2000 12:00:00 AM,F,GENERACION E - GRATUIDAD
VAUPES,Estrato 1,3 a 4,-,Secundaria (Bachillerato) incompleta,No,No,Nunca o rara vez comemos eso,1 o 2 veces por semana,1 o 2 veces por semana,No Navega Internet,MIXTO,OFICIAL,A,TÉCNICO/ACADÉMICO,NOCHE,43,41,41,34,44.0,200,08/01/2001 12:00:00 AM,F,GENERACION E - GRATUIDAD
VAUPES,Estrato 1,5 a 6,Primaria incompleta,Secundaria (Bachillerato) incompleta,No,No,Nunca o rara vez comemos eso,Todos o casi todos los días,Nunca o rara vez comemos eso,30 minutos o menos,MIXTO,OFICIAL,A,TÉCNICO,MAÑANA,46,45,36,36,34.0,201,08/01/2002 12:00:00 AM,F,GENERACION E - GRATUIDAD
VAUPES,Estrato 1,3 a 4,Técnica o tecnológica completa,Secundaria (Bachillerato) completa,No,No,Nunca o rara vez comemos eso,3 a 5 veces por semana,3 a 5 veces por semana,30 minutos o menos,MIXTO,OFICIAL,A,TÉCNICO/ACADÉMICO,MAÑANA,56,52,49,45,52.0,253,05/16/2003 12:00:00 AM,F,GENERACION E - GRATUIDAD
VAUPES,Estrato 2,7 a 8,Primaria completa,Primaria incompleta,No,No,1 o 2 veces por semana,3 a 5 veces por semana,Nunca o rara vez comemos eso,Más de 3 horas,MIXTO,OFICIAL,A,TÉCNICO/ACADÉMICO,MAÑANA,52,43,41,47,38.0,226,02/06/2001 12:00:00 AM,F,GENERACION E - GRATUIDAD
VAUPES,Estrato 5,3 a 4,Secundaria (Bachillerato) completa,Secundaria (Bachillerato) completa,No,No,Nunca o rara vez comemos eso,1 o 2 veces por semana,Nunca o rara vez comemos eso,Entre 1 y 3 horas,MIXTO,OFICIAL,A,TÉCNICO/ACADÉMICO,MAÑANA,37,47,41,32,45.0,198,09/20/2002 12:00:00 AM,F,GENERACION E - GRATUIDAD
VAUPES,Sin Estrato,5 a 6,Ninguno,Primaria completa,No,No,Nunca o rara vez comemos eso,1 o 2 veces por semana,1 o 2 veces por semana,No Navega Internet,MIXTO,NO OFICIAL,A,TÉCNICO,SABATINA,34,39,32,37,36.0,178,02/05/2002 12:00:00 AM,F,GENERACION E - GRATUIDAD
VAUPES,-,,,-,,,-,,-,,MIXTO,OFICIAL,A,TÉCNICO/ACADÉMICO,NOCHE,40,41,46,28,38.0,193,05/03/1999 12:00:00 AM,F,GENERACION E - GRATUIDAD
VAUPES,-,5 a 6,-,,-,Si,,-,,,MIXTO,OFICIAL,A,TÉCNICO/ACADÉMICO,NOCHE,41,38,37,36,31.0,187,11/29/1984 12:00:00 AM,F,GENERACION E - GRATUIDAD
VAUPES,Estrato 2,-,Primaria completa,Primaria incompleta,No,-,Nunca o rara vez comemos eso,Nunca o rara vez comemos eso,Nunca o rara vez comemos eso,No Navega Internet,MIXTO,OFICIAL,A,TÉCNICO/ACADÉMICO,MAÑANA,38,32,34,29,43.0,170,07/01/2003 12:00:00 AM,F,NO
VAUPES,Estrato 1,5 a 6,No sabe,Secundaria (Bachillerato) completa,No,Si,Nunca o rara vez comemos eso,1 o 2 veces por semana,Todos o casi todos los días,Entre 1 y 3 horas,MIXTO,OFICIAL,A,TÉCNICO/ACADÉMICO,MAÑANA,34,47,46,44,47.0,215,09/11/2001 12:00:00 AM,F,NO
VAUPES,Estrato 1,5 a 6,Secundaria (Bachillerato) incompleta,Secundaria (Bachillerato) incompleta,No,No,1 o 2 veces por semana,1 o 2 veces por semana,Nunca o rara vez comemos eso,Entre 1 y 3 horas,MIXTO,OFICIAL,A,TÉCNICO,MAÑANA,52,42,50,53,55.0,248,07/09/2000 12:00:00 AM,M,GENERACION E - GRATUIDAD
VAUPES,Estrato 1,5 a 6,Primaria completa,Secundaria (Bachillerato) completa,No,Si,1 o 2 veces por semana,Todos o casi todos los días,Nunca o rara vez comemos eso,Entre 30 y 60 minutos,MIXTO,OFICIAL,A,TÉCNICO/ACADÉMICO,MAÑANA,51,48,45,48,43.0,238,10/29/2002 12:00:00 AM,M,GENERACION E - GRATUIDAD
VAUPES,Sin Estrato,9 o más,Secundaria (Bachillerato) incompleta,Primaria incompleta,No,No,3 a 5 veces por semana,1 o 2 veces por semana,3 a 5 veces por semana,Entre 30 y 60 minutos,MIXTO,OFICIAL,A,TÉCNICO/ACADÉMICO,MAÑANA,51,37,39,45,39.0,213,03/10/2000 12:00:00 AM,M,GENERACION E - GRATUIDAD
VAUPES,Sin Estrato,3 a 4,Secundaria (Bachillerato) completa,Secundaria (Bachillerato) incompleta,No,No,1 o 2 veces por semana,1 o 2 veces por semana,1 o 2 veces por semana,30 minutos o menos,MIXTO,OFICIAL,A,TÉCNICO/ACADÉMICO,MAÑANA,51,52,35,35,42.0,216,08/13/2001 12:00:00 AM,M,GENERACION E - GRATUIDAD
VAUPES,Sin Estrato,9 o más,Primaria incompleta,Ninguno,No,No,Nunca o rara vez comemos eso,1 o 2 veces por semana,Todos o casi todos los días,No Navega Internet,MIXTO,OFICIAL,A,ACADÉMICO,MAÑANA,34,28,37,33,29.0,163,12/12/2000 12:00:00 AM,M,NO
VAUPES,Estrato 1,1 a 2,Educación profesional completa,Educación profesional completa,No,Si,1 o 2 veces por semana,3 a 5 veces por semana,Nunca o rara vez comemos eso,Entre 1 y 3 horas,MIXTO,OFICIAL,A,TÉCNICO/ACADÉMICO,MAÑANA,62,72,62,54,58.0,311,06/04/2003 12:00:00 AM,M,GENERACION E - EXCELENCIA DEPARTAMENTAL
VAUPES,-,,,-,,,-,,-,,MIXTO,OFICIAL,A,TÉCNICO/ACADÉMICO,NOCHE,53,37,33,50,42.0,216,10/24/2001 12:00:00 AM,F,GENERACION E - GRATUIDAD
VAUPES,Sin Estrato,5 a 6,Secundaria (Bachillerato) incompleta,Primaria completa,No,No,Nunca o rara vez comemos eso,1 o 2 veces por semana,1 o 2 veces por semana,No Navega Internet,MIXTO,OFICIAL,A,TÉCNICO/ACADÉMICO,NOCHE,49,23,31,31,35.0,168,11/04/2001 12:00:00 AM,M,GENERACION E - GRATUIDAD
VAUPES,Estrato 2,5 a 6,Primaria completa,Ninguno,No,No,1 o 2 veces por semana,Todos o casi todos los días,1 o 2 veces por semana,Entre 30 y 60 minutos,MIXTO,NO OFICIAL,A,TÉCNICO,SABATINA,40,31,35,30,40.0,172,10/08/1999 12:00:00 AM,F,GENERACION E - GRATUIDAD
VAUPES,Estrato 5,5 a 6,Primaria incompleta,Primaria incompleta,No,No,1 o 2 veces por semana,1 o 2 veces por semana,1 o 2 veces por semana,Entre 1 y 3 horas,MIXTO,OFICIAL,A,TÉCNICO,MAÑANA,28,31,33,28,36.0,152,02/15/2000 12:00:00 AM,F,GENERACION E - GRATUIDAD
VAUPES,-,7 a 8,-,,-,No,,-,,,MIXTO,OFICIAL,A,TÉCNICO/ACADÉMICO,MAÑANA,50,51,39,52,48.0,240,08/11/2002 12:00:00 AM,F,GENERACION E - GRATUIDAD
VAUPES,Sin Estrato,7 a 8,Educación profesional completa,Primaria completa,No,Si,1 o 2 veces por semana,1 o 2 veces por semana,Nunca o rara vez comemos eso,No Navega Internet,MIXTO,OFICIAL,A,ACADÉMICO,MAÑANA,35,43,39,38,40.0,194,08/21/2000 12:00:00 AM,M,GENERACION E - GRATUIDAD
VAUPES,Estrato 1,3 a 4,Primaria completa,Primaria completa,No,No,1 o 2 veces por semana,1 o 2 veces por semana,1 o 2 veces por semana,30 minutos o menos,MIXTO,OFICIAL,A,TÉCNICO/ACADÉMICO,MAÑANA,51,50,50,54,37.0,251,06/12/2001 12:00:00 AM,M,GENERACION E - GRATUIDAD
VAUPES,-,,,-,,,-,,-,,MIXTO,OFICIAL,A,TÉCNICO/ACADÉMICO,NOCHE,31,36,38,35,35.0,175,02/21/2001 12:00:00 AM,M,GENERACION E - GRATUIDAD
VAUPES,Estrato 1,5 a 6,Primaria incompleta,Primaria incompleta,No,No,Todos o casi todos los días,3 a 5 veces por semana,Todos o casi todos los días,30 minutos o menos,MIXTO,OFICIAL,A,ACADÉMICO,MAÑANA,38,26,31,32,35.0,160,06/28/1997 12:00:00 AM,M,GENERACION E - GRATUIDAD
VAUPES,Sin Estrato,7 a 8,Ninguno,Ninguno,No,No,Nunca o rara vez comemos eso,Todos o casi todos los días,Todos o casi todos los días,30 minutos o menos,MIXTO,OFICIAL,A,TÉCNICO/ACADÉMICO,NOCHE,30,31,34,29,32.0,155,01/17/2003 12:00:00 AM,F,GENERACION E - GRATUIDAD
VAUPES,Estrato 6,9 o más,Ninguno,Primaria incompleta,No,No,1 o 2 veces por semana,1 o 2 veces por semana,Nunca o rara vez comemos eso,30 minutos o menos,MIXTO,OFICIAL,A,TÉCNICO/ACADÉMICO,NOCHE,38,29,27,33,48.0,165,06/29/2002 12:00:00 AM,F,GENERACION E - GRATUIDAD
VAUPES,-,7 a 8,-,,-,No,,-,,,MIXTO,OFICIAL,A,TÉCNICO/ACADÉMICO,NOCHE,47,35,35,42,45.0,201,10/19/2000 12:00:00 AM,F,GENERACION E - GRATUIDAD
VAUPES,Sin Estrato,7 a 8,Secundaria (Bachillerato) incompleta,Secundaria (Bachillerato) incompleta,No,No,1 o 2 veces por semana,Nunca o rara vez comemos eso,Nunca o rara vez comemos eso,Más de 3 horas,MIXTO,OFICIAL,A,TÉCNICO/ACADÉMICO,MAÑANA,50,48,39,45,43.0,227,12/23/2001 12:00:00 AM,F,GENERACION E - GRATUIDAD
VAUPES,-,,,-,,,-,,-,,MIXTO,NO OFICIAL,A,TÉCNICO,SABATINA,53,42,47,45,44.0,233,11/17/2000 12:00:00 AM,F,GENERACION E - GRATUIDAD
VAUPES,-,3 a 4,-,,-,Si,,-,,,MIXTO,OFICIAL,A,TÉCNICO/ACADÉMICO,NOCHE,38,41,32,32,36.0,179,11/25/1993 12:00:00 AM,F,GENERACION E - GRATUIDAD
VAUPES,Sin Estrato,3 a 4,Primaria incompleta,Secundaria (Bachillerato) incompleta,No,No,-,3 a 5 veces por semana,1 o 2 veces por semana,Entre 30 y 60 minutos,MIXTO,OFICIAL,A,ACADÉMICO,MAÑANA,30,34,44,44,38.0,190,11/22/1991 12:00:00 AM,F,GENERACION E - GRATUIDAD
VAUPES,Estrato 4,3 a 4,Educación profesional completa,Técnica o tecnológica completa,No,No,1 o 2 veces por semana,3 a 5 veces por semana,Nunca o rara vez comemos eso,Entre 30 y 60 minutos,MIXTO,OFICIAL,A,TÉCNICO/ACADÉMICO,NOCHE,30,38,33,27,37.0,162,03/16/1999 12:00:00 AM,F,NO
VAUPES,Sin Estrato,9 o más,Ninguno,Secundaria (Bachillerato) completa,No,Si,-,Nunca o rara vez comemos eso,1 o 2 veces por semana,Entre 1 y 3 horas,MIXTO,OFICIAL,A,TÉCNICO/ACADÉMICO,NOCHE,35,31,39,30,34.0,169,08/04/2002 12:00:00 AM,F,GENERACION E - GRATUIDAD
VAUPES,Sin Estrato,5 a 6,Secundaria (Bachillerato) incompleta,Secundaria (Bachillerato) incompleta,No,No,Nunca o rara vez comemos eso,1 o 2 veces por semana,Nunca o rara vez comemos eso,30 minutos o menos,MIXTO,OFICIAL,A,ACADÉMICO,MAÑANA,41,35,45,34,41.0,195,11/09/2002 12:00:00 AM,F,GENERACION E - GRATUIDAD
VAUPES,-,,,-,,,-,,-,,MIXTO,OFICIAL,A,TÉCNICO/ACADÉMICO,MAÑANA,62,65,56,54,57.0,295,10/07/2002 12:00:00 AM,F,NO
VAUPES,Sin Estrato,9 o más,Técnica o tecnológica incompleta,Educación profesional completa,No,Si,Todos o casi todos los días,Todos o casi todos los días,Todos o casi todos los días,Entre 30 y 60 minutos,MIXTO,OFICIAL,A,TÉCNICO/ACADÉMICO,MAÑANA,59,48,51,45,63.0,258,08/10/2003 12:00:00 AM,F,GENERACION E - GRATUIDAD
VAUPES,Estrato 2,7 a 8,Ninguno,Ninguno,Si,Si,1 o 2 veces por semana,1 o 2 veces por semana,Todos o casi todos los días,No Navega Internet,MIXTO,OFICIAL,A,TÉCNICO/ACADÉMICO,NOCHE,34,26,31,35,24.0,155,02/26/1969 12:00:00 AM,F,GENERACION E - GRATUIDAD
VAUPES,Estrato 1,5 a 6,Secundaria (Bachillerato) completa,Primaria completa,No,Si,Todos o casi todos los días,3 a 5 veces por semana,3 a 5 veces por semana,30 minutos o menos,MIXTO,OFICIAL,A,TÉCNICO/ACADÉMICO,MAÑANA,47,51,48,41,51.0,235,03/03/2003 12:00:00 AM,F,GENERACION E - GRATUIDAD
VAUPES,Estrato 3,5 a 6,Educación profesional completa,Secundaria (Bachillerato) incompleta,Si,No,Todos o casi todos los días,3 a 5 veces por semana,Nunca o rara vez comemos eso,Entre 1 y 3 horas,MIXTO,OFICIAL,A,TÉCNICO/ACADÉMICO,NOCHE,38,37,29,34,31.0,171,01/28/2003 12:00:00 AM,F,GENERACION E - GRATUIDAD
VAUPES,Estrato 1,9 o más,Secundaria (Bachillerato) completa,Secundaria (Bachillerato) incompleta,No,No,Todos o casi todos los días,Todos o casi todos los días,1 o 2 veces por semana,No Navega Internet,MIXTO,OFICIAL,A,TÉCNICO/ACADÉMICO,MAÑANA,39,46,43,39,35.0,206,01/19/2003 12:00:00 AM,F,GENERACION E - GRATUIDAD
VAUPES,Estrato 6,5 a 6,Primaria incompleta,Primaria incompleta,No,No,1 o 2 veces por semana,1 o 2 veces por semana,1 o 2 veces por semana,No Navega Internet,MIXTO,OFICIAL,A,ACADÉMICO,MAÑANA,37,42,45,37,50.0,205,08/01/2000 12:00:00 AM,F,GENERACION E - GRATUIDAD
VAUPES,Estrato 1,7 a 8,Educación profesional completa,Primaria incompleta,No,No,3 a 5 veces por semana,1 o 2 veces por semana,1 o 2 veces por semana,30 minutos o menos,MIXTO,OFICIAL,A,TÉCNICO/ACADÉMICO,MAÑANA,49,41,49,52,49.0,239,11/01/2002 12:00:00 AM,M,GENERACION E - GRATUIDAD
VAUPES,Estrato 1,7 a 8,Educación profesional completa,Secundaria (Bachillerato) completa,No,Si,3 a 5 veces por semana,3 a 5 veces por semana,Todos o casi todos los días,30 minutos o menos,MIXTO,NO OFICIAL,A,TÉCNICO,SABATINA,44,39,42,39,43.0,206,03/18/2001 12:00:00 AM,F,GENERACION E - GRATUIDAD
VAUPES,Estrato 2,3 a 4,Secundaria (Bachillerato) incompleta,Secundaria (Bachillerato) incompleta,No,Si,3 a 5 veces por semana,Todos o casi todos los días,1 o 2 veces por semana,Entre 30 y 60 minutos,MIXTO,OFICIAL,A,TÉCNICO/ACADÉMICO,MAÑANA,55,48,46,47,35.0,240,04/13/2003 12:00:00 AM,F,NO
VAUPES,Estrato 6,9 o más,Secundaria (Bachillerato) incompleta,Secundaria (Bachillerato) incompleta,No,No,Todos o casi todos los días,Todos o casi todos los días,Nunca o rara vez comemos eso,No Navega Internet,MIXTO,OFICIAL,A,TÉCNICO/ACADÉMICO,NOCHE,42,32,36,26,30.0,168,11/04/1999 12:00:00 AM,F,NO
VAUPES,Sin Estrato,1 a 2,Secundaria (Bachillerato) completa,Primaria incompleta,No,Si,1 o 2 veces por semana,Todos o casi todos los días,1 o 2 veces por semana,Entre 1 y 3 horas,MIXTO,OFICIAL,A,TÉCNICO/ACADÉMICO,NOCHE,70,64,62,63,53.0,319,05/18/2001 12:00:00 AM,F,GENERACION E - EXCELENCIA DEPARTAMENTAL
VAUPES,Estrato 2,3 a 4,Secundaria (Bachillerato) incompleta,Secundaria (Bachillerato) incompleta,No,Si,3 a 5 veces por semana,Todos o casi todos los días,1 o 2 veces por semana,Entre 1 y 3 horas,MIXTO,OFICIAL,A,TÉCNICO/ACADÉMICO,MAÑANA,56,58,51,58,54.0,278,05/24/2003 12:00:00 AM,M,GENERACION E - GRATUIDAD
VAUPES,-,,,-,,,-,,-,,MIXTO,OFICIAL,A,TÉCNICO/ACADÉMICO,MAÑANA,34,34,38,30,33.0,170,08/26/2000 12:00:00 AM,M,GENERACION E - GRATUIDAD
VAUPES,-,3 a 4,-,,-,Si,,-,,,MIXTO,OFICIAL,A,TÉCNICO/ACADÉMICO,MAÑANA,38,34,34,23,35.0,162,04/01/2001 12:00:00 AM,F,GENERACION E - GRATUIDAD
VAUPES,Estrato 1,5 a 6,Primaria completa,Primaria completa,No,No,1 o 2 veces por semana,Nunca o rara vez comemos eso,1 o 2 veces por semana,No Navega Internet,MIXTO,OFICIAL,A,TÉCNICO/ACADÉMICO,MAÑANA,37,37,46,33,37.0,191,11/11/2000 12:00:00 AM,F,NO
VAUPES,-,5 a 6,Secundaria (Bachillerato) incompleta,Primaria incompleta,No,No,Nunca o rara vez comemos eso,3 a 5 veces por semana,Nunca o rara vez comemos eso,No Navega Internet,MIXTO,OFICIAL,A,TÉCNICO/ACADÉMICO,NOCHE,40,29,31,35,32.0,168,09/11/2001 12:00:00 AM,M,NO
VAUPES,Estrato 2,5 a 6,Primaria incompleta,Secundaria (Bachillerato) incompleta,Si,Si,3 a 5 veces por semana,1 o 2 veces por semana,3 a 5 veces por semana,30 minutos o menos,MIXTO,OFICIAL,A,ACADÉMICO,NOCHE,43,32,23,34,27.0,163,08/06/1973 12:00:00 AM,M,GENERACION E - GRATUIDAD
VAUPES,Sin Estrato,7 a 8,Secundaria (Bachillerato) incompleta,Ninguno,No,No,Nunca o rara vez comemos eso,Nunca o rara vez comemos eso,Nunca o rara vez comemos eso,Entre 1 y 3 horas,MIXTO,OFICIAL,A,ACADÉMICO,MAÑANA,34,36,39,31,27.0,172,01/25/2001 12:00:00 AM,F,NO
VAUPES,Estrato 3,7 a 8,Educación profesional completa,Primaria incompleta,No,No,Nunca o rara vez comemos eso,Todos o casi todos los días,Nunca o rara vez comemos eso,No Navega Internet,MIXTO,OFICIAL,A,TÉCNICO/ACADÉMICO,MAÑANA,53,40,34,42,37.0,209,09/19/2001 12:00:00 AM,F,NO
VAUPES,Estrato 1,5 a 6,Técnica o tecnológica completa,Técnica o tecnológica completa,No,No,1 o 2 veces por semana,1 o 2 veces por semana,1 o 2 veces por semana,30 minutos o menos,MIXTO,OFICIAL,A,TÉCNICO/ACADÉMICO,MAÑANA,41,47,34,46,37.0,208,03/01/2002 12:00:00 AM,F,GENERACION E - GRATUIDAD
VAUPES,-,3 a 4,-,,-,No,,-,,,MIXTO,OFICIAL,A,TÉCNICO/ACADÉMICO,MAÑANA,55,49,51,50,40.0,252,07/19/2002 12:00:00 AM,F,NO
VAUPES,Estrato 1,3 a 4,Secundaria (Bachillerato) completa,Secundaria (Bachillerato) completa,No,Si,Nunca o rara vez comemos eso,Todos o casi todos los días,Todos o casi todos los días,30 minutos o menos,MIXTO,OFICIAL,A,TÉCNICO/ACADÉMICO,MAÑANA,44,41,43,49,47.0,222,11/08/2002 12:00:00 AM,F,GENERACION E - GRATUIDAD
VAUPES,-,,,-,,,-,,-,,MIXTO,OFICIAL,A,TÉCNICO/ACADÉMICO,MAÑANA,49,41,43,31,37.0,203,07/01/2002 12:00:00 AM,F,GENERACION E - GRATUIDAD
VAUPES,Sin Estrato,-,Primaria incompleta,Primaria incompleta,No,No,Nunca o rara vez comemos eso,Nunca o rara vez comemos eso,Nunca o rara vez comemos eso,No Navega Internet,MIXTO,OFICIAL,A,TÉCNICO/ACADÉMICO,MAÑANA,38,34,38,25,31.0,168,04/18/1995 12:00:00 AM,M,GENERACION E - GRATUIDAD
VAUPES,Sin Estrato,5 a 6,Educación profesional completa,Primaria completa,No,Si,1 o 2 veces por semana,1 o 2 veces por semana,Todos o casi todos los días,Entre 30 y 60 minutos,MIXTO,OFICIAL,A,ACADÉMICO,MAÑANA,46,40,38,34,42.0,198,10/07/2002 12:00:00 AM,M,NO
VAUPES,Estrato 1,3 a 4,Educación profesional completa,Educación profesional completa,No,Si,Todos o casi todos los días,3 a 5 veces por semana,1 o 2 veces por semana,30 minutos o menos,MIXTO,OFICIAL,A,TÉCNICO/ACADÉMICO,MAÑANA,42,50,38,32,68.0,213,09/19/2002 12:00:00 AM,M,NO
VAUPES,Estrato 1,1 a 2,Técnica o tecnológica incompleta,Técnica o tecnológica completa,Si,No,3 a 5 veces por semana,3 a 5 veces por semana,1 o 2 veces por semana,Más de 3 horas,MIXTO,OFICIAL,A,TÉCNICO/ACADÉMICO,MAÑANA,69,58,56,41,39.0,273,06/26/2003 12:00:00 AM,F,NO
VAUPES,-,,,-,,,-,,-,,MIXTO,OFICIAL,A,TÉCNICO/ACADÉMICO,NOCHE,36,32,23,24,32.0,145,12/29/2000 12:00:00 AM,F,GENERACION E - GRATUIDAD
VAUPES,Estrato 1,3 a 4,Primaria completa,Primaria completa,No,Si,Nunca o rara vez comemos eso,3 a 5 veces por semana,1 o 2 veces por semana,Entre 1 y 3 horas,MIXTO,OFICIAL,A,TÉCNICO,MAÑANA,52,56,59,49,43.0,266,01/26/2000 12:00:00 AM,M,GENERACION E - GRATUIDAD
VAUPES,Estrato 2,1 a 2,Secundaria (Bachillerato) completa,Secundaria (Bachillerato) completa,No,No,1 o 2 veces por semana,Todos o casi todos los días,1 o 2 veces por semana,Entre 30 y 60 minutos,MIXTO,OFICIAL,A,ACADÉMICO,NOCHE,48,47,31,56,32.0,222,08/30/1999 12:00:00 AM,F,GENERACION E - GRATUIDAD
VAUPES,Estrato 1,9 o más,Secundaria (Bachillerato) incompleta,Primaria incompleta,No,Si,Nunca o rara vez comemos eso,Nunca o rara vez comemos eso,Nunca o rara vez comemos eso,No Navega Internet,MIXTO,OFICIAL,A,TÉCNICO/ACADÉMICO,MAÑANA,46,43,45,39,51.0,219,08/07/2000 12:00:00 AM,M,GENERACION E - GRATUIDAD
VAUPES,Sin Estrato,7 a 8,Secundaria (Bachillerato) completa,Primaria completa,No,No,1 o 2 veces por semana,Todos o casi todos los días,1 o 2 veces por semana,No Navega Internet,MIXTO,OFICIAL,A,ACADÉMICO,MAÑANA,53,47,40,41,36.0,223,10/10/2001 12:00:00 AM,M,GENERACION E - GRATUIDAD
VAUPES,Sin Estrato,5 a 6,Secundaria (Bachillerato) incompleta,Primaria completa,No,No,Todos o casi todos los días,Nunca o rara vez comemos eso,3 a 5 veces por semana,Más de 3 horas,MIXTO,OFICIAL,A,TÉCNICO,MAÑANA,50,43,53,41,45.0,233,11/18/2002 12:00:00 AM,M,GENERACION E - GRATUIDAD
VAUPES,Estrato 3,9 o más,Secundaria (Bachillerato) incompleta,Ninguno,No,No,Nunca o rara vez comemos eso,1 o 2 veces por semana,Nunca o rara vez comemos eso,No Navega Internet,MIXTO,OFICIAL,A,TÉCNICO/ACADÉMICO,MAÑANA,54,39,45,53,45.0,238,06/10/2002 12:00:00 AM,F,GENERACION E - GRATUIDAD
VAUPES,Estrato 1,7 a 8,Primaria incompleta,Primaria incompleta,No,No,Nunca o rara vez comemos eso,3 a 5 veces por semana,Nunca o rara vez comemos eso,30 minutos o menos,MIXTO,OFICIAL,A,TÉCNICO/ACADÉMICO,NOCHE,43,30,44,45,44.0,204,12/21/1999 12:00:00 AM,F,GENERACION E - GRATUIDAD
VAUPES,Estrato 3,5 a 6,Primaria incompleta,Ninguno,No,No,1 o 2 veces por semana,3 a 5 veces por semana,Todos o casi todos los días,No Navega Internet,MIXTO,OFICIAL,A,TÉCNICO/ACADÉMICO,NOCHE,38,35,34,34,35.0,176,03/30/1987 12:00:00 AM,F,GENERACION E - GRATUIDAD
VAUPES,Estrato 1,3 a 4,Primaria completa,Primaria completa,No,No,1 o 2 veces por semana,Todos o casi todos los días,1 o 2 veces por semana,30 minutos o menos,MIXTO,OFICIAL,A,TÉCNICO,MAÑANA,33,26,41,29,36.0,163,06/21/1972 12:00:00 AM,F,GENERACION E - GRATUIDAD
VAUPES,Sin Estrato,9 o más,Secundaria (Bachillerato) completa,Primaria incompleta,No,No,1 o 2 veces por semana,Todos o casi todos los días,3 a 5 veces por semana,30 minutos o menos,MIXTO,OFICIAL,A,ACADÉMICO,MAÑANA,37,27,33,34,24.0,160,10/09/2000 12:00:00 AM,M,GENERACION E - GRATUIDAD
VAUPES,Sin Estrato,9 o más,Ninguno,Ninguno,No,No,Nunca o rara vez comemos eso,1 o 2 veces por semana,Nunca o rara vez comemos eso,No Navega Internet,MIXTO,OFICIAL,A,ACADÉMICO,MAÑANA,38,40,46,33,39.0,196,04/29/1996 12:00:00 AM,M,NO
VAUPES,-,,,-,,,-,,-,,MIXTO,OFICIAL,A,TÉCNICO/ACADÉMICO,MAÑANA,44,46,40,40,27.0,207,10/04/1998 12:00:00 AM,M,GENERACION E - GRATUIDAD
VAUPES,Estrato 4,3 a 4,Ninguno,Técnica o tecnológica completa,Si,No,Nunca o rara vez comemos eso,Nunca o rara vez comemos eso,Todos o casi todos los días,Más de 3 horas,MIXTO,OFICIAL,A,ACADÉMICO,NOCHE,35,37,33,30,44.0,173,08/07/1987 12:00:00 AM,M,GENERACION E - GRATUIDAD
VAUPES,Estrato 3,9 o más,Secundaria (Bachillerato) incompleta,Secundaria (Bachillerato) completa,No,No,1 o 2 veces por semana,Todos o casi todos los días,1 o 2 veces por semana,No Navega Internet,MIXTO,OFICIAL,A,TÉCNICO/ACADÉMICO,MAÑANA,42,46,43,38,35.0,208,08/11/2000 12:00:00 AM,F,GENERACION E - GRATUIDAD
VAUPES,Estrato 1,5 a 6,Secundaria (Bachillerato) incompleta,Secundaria (Bachillerato) incompleta,No,No,Nunca o rara vez comemos eso,Nunca o rara vez comemos eso,Nunca o rara vez comemos eso,30 minutos o menos,MIXTO,OFICIAL,A,ACADÉMICO,MAÑANA,37,42,43,34,44.0,197,06/30/1999 12:00:00 AM,M,GENERACION E - GRATUIDAD
VAUPES,Sin Estrato,1 a 2,Secundaria (Bachillerato) completa,Secundaria (Bachillerato) incompleta,No,No,Nunca o rara vez comemos eso,Nunca o rara vez comemos eso,Nunca o rara vez comemos eso,No Navega Internet,MIXTO,OFICIAL,A,ACADÉMICO,MAÑANA,45,41,46,42,53.0,221,06/11/2001 12:00:00 AM,M,GENERACION E - GRATUIDAD
VAUPES,Sin Estrato,7 a 8,Secundaria (Bachillerato) incompleta,Primaria incompleta,No,No,Nunca o rara vez comemos eso,Nunca o rara vez comemos eso,Nunca o rara vez comemos eso,No Navega Internet,MIXTO,OFICIAL,A,ACADÉMICO,MAÑANA,44,34,53,41,46.0,216,05/05/1995 12:00:00 AM,M,GENERACION E - GRATUIDAD
VAUPES,Estrato 3,1 a 2,Educación profesional completa,Técnica o tecnológica completa,-,No,-,,-,,MIXTO,OFICIAL,A,TÉCNICO/ACADÉMICO,NOCHE,35,22,23,27,39.0,138,07/29/2000 12:00:00 AM,M,GENERACION E - GRATUIDAD
VAUPES,Sin Estrato,7 a 8,Primaria completa,Primaria completa,No,No,Nunca o rara vez comemos eso,Todos o casi todos los días,Nunca o rara vez comemos eso,30 minutos o menos,MIXTO,OFICIAL,A,TÉCNICO,MAÑANA,32,41,45,33,46.0,192,11/30/1995 12:00:00 AM,M,GENERACION E - GRATUIDAD
VAUPES,Estrato 1,5 a 6,Primaria completa,Primaria incompleta,No,No,1 o 2 veces por semana,Nunca o rara vez comemos eso,1 o 2 veces por semana,30 minutos o menos,MIXTO,OFICIAL,A,TÉCNICO,MAÑANA,45,28,51,42,45.0,209,08/28/2000 12:00:00 AM,M,NO
VAUPES,Sin Estrato,9 o más,Secundaria (Bachillerato) incompleta,Primaria completa,No,No,1 o 2 veces por semana,1 o 2 veces por semana,1 o 2 veces por semana,Entre 30 y 60 minutos,MIXTO,OFICIAL,A,TÉCNICO/ACADÉMICO,MAÑANA,36,33,34,26,34.0,162,03/17/1999 12:00:00 AM,M,GENERACION E - GRATUIDAD
VAUPES,Estrato 2,5 a 6,Secundaria (Bachillerato) completa,Secundaria (Bachillerato) completa,No,Si,1 o 2 veces por semana,Todos o casi todos los días,Nunca o rara vez comemos eso,Entre 1 y 3 horas,MIXTO,OFICIAL,A,TÉCNICO/ACADÉMICO,MAÑANA,59,64,58,67,54.0,307,10/27/2001 12:00:00 AM,M,GENERACION E - EXCELENCIA DEPARTAMENTAL
VAUPES,Estrato 1,9 o más,Primaria completa,Ninguno,No,No,Nunca o rara vez comemos eso,1 o 2 veces por semana,1 o 2 veces por semana,No Navega Internet,MIXTO,OFICIAL,A,TÉCNICO/ACADÉMICO,MAÑANA,42,47,48,41,47.0,223,06/18/1999 12:00:00 AM,M,GENERACION E - GRATUIDAD
VAUPES,Sin Estrato,5 a 6,Secundaria (Bachillerato) incompleta,Secundaria (Bachillerato) incompleta,No,No,Nunca o rara vez comemos eso,Nunca o rara vez comemos eso,Nunca o rara vez comemos eso,30 minutos o menos,MIXTO,OFICIAL,A,TÉCNICO,MAÑANA,35,39,43,35,44.0,192,04/19/2000 12:00:00 AM,M,GENERACION E - GRATUIDAD
VAUPES,Sin Estrato,5 a 6,Ninguno,Primaria incompleta,No,No,Nunca o rara vez comemos eso,Nunca o rara vez comemos eso,Nunca o rara vez comemos eso,Más de 3 horas,MIXTO,OFICIAL,A,ACADÉMICO,MAÑANA,37,35,34,26,35.0,166,01/27/1995 12:00:00 AM,M,NO
VAUPES,-,,,-,,,-,,-,,MIXTO,OFICIAL,A,ACADÉMICO,MAÑANA,39,37,29,31,36.0,171,10/16/1998 12:00:00 AM,M,GENERACION E - GRATUIDAD
VAUPES,-,,,-,,,-,,-,,MIXTO,OFICIAL,A,TÉCNICO/ACADÉMICO,NOCHE,56,46,44,38,40.0,228,06/25/1998 12:00:00 AM,F,GENERACION E - GRATUIDAD
VAUPES,Estrato 1,9 o más,Educación profesional incompleta,Primaria incompleta,No,No,Nunca o rara vez comemos eso,Nunca o rara vez comemos eso,Nunca o rara vez comemos eso,30 minutos o menos,MIXTO,OFICIAL,A,TÉCNICO/ACADÉMICO,MAÑANA,53,42,44,36,39.0,217,10/18/2003 12:00:00 AM,F,GENERACION E - GRATUIDAD
VAUPES,Estrato 4,7 a 8,Técnica o tecnológica completa,Primaria incompleta,No,No,3 a 5 veces por semana,Todos o casi todos los días,1 o 2 veces por semana,Entre 30 y 60 minutos,MIXTO,OFICIAL,A,ACADÉMICO,MAÑANA,48,43,43,32,36.0,205,11/05/1998 12:00:00 AM,M,NO
VAUPES,Sin Estrato,9 o más,Secundaria (Bachillerato) incompleta,Primaria incompleta,No,No,Nunca o rara vez comemos eso,Nunca o rara vez comemos eso,Nunca o rara vez comemos eso,No Navega Internet,MIXTO,OFICIAL,A,TÉCNICO/ACADÉMICO,MAÑANA,41,39,43,31,44.0,195,08/23/2002 12:00:00 AM,M,NO
VAUPES,-,1 a 2,-,,-,No,,-,,,MIXTO,OFICIAL,A,TÉCNICO/ACADÉMICO,NOCHE,42,40,41,29,41.0,191,03/14/2001 12:00:00 AM,F,GENERACION E - GRATUIDAD
VAUPES,Estrato 2,9 o más,Secundaria (Bachillerato) completa,Secundaria (Bachillerato) completa,Si,Si,Todos o casi todos los días,Todos o casi todos los días,3 a 5 veces por semana,30 minutos o menos,MIXTO,OFICIAL,A,TÉCNICO/ACADÉMICO,NOCHE,34,36,34,28,31.0,164,12/30/2000 12:00:00 AM,F,GENERACION E - GRATUIDAD
VAUPES,Estrato 1,9 o más,Secundaria (Bachillerato) incompleta,Secundaria (Bachillerato) completa,No,No,1 o 2 veces por semana,1 o 2 veces por semana,3 a 5 veces por semana,Entre 1 y 3 horas,MIXTO,OFICIAL,A,TÉCNICO/ACADÉMICO,MAÑANA,62,53,50,62,56.0,283,03/05/2001 12:00:00 AM,F,GENERACION E - GRATUIDAD
VAUPES,Estrato 3,3 a 4,Educación profesional completa,Primaria completa,No,No,Nunca o rara vez comemos eso,Todos o casi todos los días,Nunca o rara vez comemos eso,Entre 1 y 3 horas,MIXTO,OFICIAL,A,TÉCNICO/ACADÉMICO,MAÑANA,40,35,46,38,35.0,197,09/25/2002 12:00:00 AM,F,GENERACION E - GRATUIDAD
VAUPES,Estrato 3,9 o más,Secundaria (Bachillerato) completa,Secundaria (Bachillerato) incompleta,No,No,1 o 2 veces por semana,3 a 5 veces por semana,1 o 2 veces por semana,Entre 1 y 3 horas,MIXTO,OFICIAL,A,TÉCNICO/ACADÉMICO,NOCHE,41,42,45,39,44.0,210,11/06/2001 12:00:00 AM,F,GENERACION E - GRATUIDAD
VAUPES,Estrato 1,3 a 4,Primaria completa,Primaria incompleta,No,No,Nunca o rara vez comemos eso,Nunca o rara vez comemos eso,1 o 2 veces por semana,30 minutos o menos,MIXTO,OFICIAL,A,ACADÉMICO,NOCHE,52,44,38,35,39.0,210,02/05/1993 12:00:00 AM,F,GENERACION E - GRATUIDAD
VAUPES,Estrato 2,3 a 4,Secundaria (Bachillerato) incompleta,Secundaria (Bachillerato) completa,No,No,3 a 5 veces por semana,3 a 5 veces por semana,1 o 2 veces por semana,30 minutos o menos,MIXTO,OFICIAL,A,TÉCNICO/ACADÉMICO,MAÑANA,58,46,39,37,46.0,225,11/19/2001 12:00:00 AM,F,GENERACION E - GRATUIDAD
VAUPES,Estrato 1,3 a 4,Secundaria (Bachillerato) completa,Técnica o tecnológica incompleta,No,Si,3 a 5 veces por semana,Todos o casi todos los días,Nunca o rara vez comemos eso,30 minutos o menos,MIXTO,OFICIAL,A,ACADÉMICO,MAÑANA,53,71,60,54,56.0,296,12/26/2002 12:00:00 AM,M,GENERACION E - GRATUIDAD
VAUPES,Sin Estrato,7 a 8,Primaria incompleta,Primaria incompleta,No,No,Nunca o rara vez comemos eso,1 o 2 veces por semana,1 o 2 veces por semana,No Navega Internet,MIXTO,OFICIAL,A,TÉCNICO/ACADÉMICO,MAÑANA,37,40,44,36,43.0,198,06/23/1997 12:00:00 AM,M,NO
VAUPES,Sin Estrato,9 o más,Secundaria (Bachillerato) incompleta,Ninguno,No,No,Nunca o rara vez comemos eso,1 o 2 veces por semana,Nunca o rara vez comemos eso,No Navega Internet,MIXTO,OFICIAL,A,ACADÉMICO,MAÑANA,40,32,36,31,31.0,172,11/11/2002 12:00:00 AM,M,NO
VAUPES,-,3 a 4,Ninguno,Educación profesional completa,No,No,,-,,,MIXTO,OFICIAL,A,TÉCNICO/ACADÉMICO,NOCHE,32,33,28,22,36.0,147,12/15/1998 12:00:00 AM,F,GENERACION E - GRATUIDAD
VAUPES,-,,,-,,,-,,-,,MIXTO,OFICIAL,A,TÉCNICO/ACADÉMICO,MAÑANA,80,68,68,68,66.0,353,03/29/2002 12:00:00 AM,F,GENERACION E - EXCELENCIA DEPARTAMENTAL
VAUPES,Estrato 1,5 a 6,Educación profesional completa,Educación profesional completa,Si,Si,3 a 5 veces por semana,Todos o casi todos los días,3 a 5 veces por semana,Entre 1 y 3 horas,MIXTO,OFICIAL,A,TÉCNICO/ACADÉMICO,MAÑANA,55,60,59,62,73.0,300,07/22/2003 12:00:00 AM,F,GENERACION E - EXCELENCIA DEPARTAMENTAL
VAUPES,-,,,-,,,-,,-,,MIXTO,OFICIAL,A,ACADÉMICO,MAÑANA,45,42,50,41,37.0,220,07/20/2001 12:00:00 AM,M,GENERACION E - GRATUIDAD
VAUPES,-,,,-,,,-,,-,,MIXTO,OFICIAL,A,TÉCNICO/ACADÉMICO,MAÑANA,43,42,42,43,47.0,214,10/01/1998 12:00:00 AM,F,GENERACION E - GRATUIDAD
VAUPES,-,5 a 6,-,,-,No,,-,,-,MIXTO,OFICIAL,A,TÉCNICO/ACADÉMICO,NOCHE,55,47,53,43,48.0,247,06/19/2001 12:00:00 AM,M,GENERACION E - GRATUIDAD
VAUPES,Estrato 1,5 a 6,Secundaria (Bachillerato) incompleta,Secundaria (Bachillerato) incompleta,No,Si,3 a 5 veces por semana,1 o 2 veces por semana,Todos o casi todos los días,Entre 30 y 60 minutos,MIXTO,OFICIAL,A,TÉCNICO/ACADÉMICO,MAÑANA,41,53,45,46,41.0,229,11/02/2002 12:00:00 AM,F,GENERACION E - GRATUIDAD
VAUPES,Estrato 1,5 a 6,Primaria completa,Primaria incompleta,No,No,Nunca o rara vez comemos eso,Todos o casi todos los días,Nunca o rara vez comemos eso,No Navega Internet,MIXTO,OFICIAL,A,TÉCNICO/ACADÉMICO,MAÑANA,44,32,37,43,41.0,196,01/22/2002 12:00:00 AM,F,GENERACION E - GRATUIDAD
VAUPES,Estrato 1,1 a 2,Secundaria (Bachillerato) completa,Primaria incompleta,No,No,Nunca o rara vez comemos eso,1 o 2 veces por semana,Nunca o rara vez comemos eso,30 minutos o menos,MIXTO,OFICIAL,A,TÉCNICO/ACADÉMICO,MAÑANA,51,45,44,48,48.0,235,06/18/2002 12:00:00 AM,F,GENERACION E - GRATUIDAD
VAUPES,-,,,-,,,-,,-,,MIXTO,OFICIAL,A,TÉCNICO/ACADÉMICO,NOCHE,48,38,43,33,31.0,199,11/12/2001 12:00:00 AM,M,GENERACION E - GRATUIDAD
VAUPES,-,,,-,,,-,,-,,MIXTO,OFICIAL,A,ACADÉMICO,MAÑANA,47,50,43,42,47.0,228,03/24/1999 12:00:00 AM,M,NO
VAUPES,Estrato 1,7 a 8,Secundaria (Bachillerato) incompleta,Secundaria (Bachillerato) completa,No,No,1 o 2 veces por semana,3 a 5 veces por semana,1 o 2 veces por semana,Entre 30 y 60 minutos,MIXTO,OFICIAL,A,TÉCNICO/ACADÉMICO,MAÑANA,58,64,59,63,55.0,303,10/14/2000 12:00:00 AM,F,GENERACION E - EXCELENCIA DEPARTAMENTAL
VAUPES,Sin Estrato,9 o más,Secundaria (Bachillerato) incompleta,Primaria incompleta,No,No,Nunca o rara vez comemos eso,Nunca o rara vez comemos eso,Nunca o rara vez comemos eso,No Navega Internet,MIXTO,OFICIAL,A,TÉCNICO/ACADÉMICO,NOCHE,34,44,41,41,49.0,203,04/10/1998 12:00:00 AM,M,GENERACION E - GRATUIDAD
VAUPES,Estrato 1,5 a 6,Secundaria (Bachillerato) completa,Secundaria (Bachillerato) completa,No,Si,1 o 2 veces por semana,Todos o casi todos los días,1 o 2 veces por semana,Entre 1 y 3 horas,MIXTO,OFICIAL,A,TÉCNICO/ACADÉMICO,MAÑANA,45,42,44,42,39.0,215,12/29/2002 12:00:00 AM,F,GENERACION E - GRATUIDAD
VAUPES,Estrato 1,5 a 6,No sabe,Secundaria (Bachillerato) incompleta,No,No,1 o 2 veces por semana,3 a 5 veces por semana,1 o 2 veces por semana,No Navega Internet,MIXTO,OFICIAL,A,TÉCNICO/ACADÉMICO,MAÑANA,40,46,38,31,27.0,189,05/07/2000 12:00:00 AM,F,GENERACION E - GRATUIDAD
VAUPES,Estrato 1,3 a 4,Primaria completa,Secundaria (Bachillerato) incompleta,No,No,Nunca o rara vez comemos eso,1 o 2 veces por semana,3 a 5 veces por semana,30 minutos o menos,MIXTO,OFICIAL,A,TÉCNICO/ACADÉMICO,MAÑANA,59,49,50,62,56.0,275,01/24/1999 12:00:00 AM,M,GENERACION E - GRATUIDAD
VAUPES,-,,,-,,,-,,-,,MIXTO,OFICIAL,A,TÉCNICO/ACADÉMICO,NOCHE,48,53,46,46,49.0,242,12/17/2001 12:00:00 AM,M,GENERACION E - GRATUIDAD
VAUPES,Estrato 1,-,Primaria incompleta,Primaria incompleta,No,-,3 a 5 veces por semana,1 o 2 veces por semana,3 a 5 veces por semana,Entre 30 y 60 minutos,MIXTO,OFICIAL,A,TÉCNICO/ACADÉMICO,MAÑANA,47,47,53,44,45.0,238,07/29/2003 12:00:00 AM,M,GENERACION E - GRATUIDAD
VAUPES,Sin Estrato,3 a 4,Secundaria (Bachillerato) incompleta,Primaria completa,No,No,1 o 2 veces por semana,1 o 2 veces por semana,Nunca o rara vez comemos eso,-,MIXTO,OFICIAL,A,ACADÉMICO,MAÑANA,42,35,30,32,41.0,176,03/19/2002 12:00:00 AM,M,GENERACION E - GRATUIDAD
VAUPES,-,5 a 6,Primaria incompleta,Primaria incompleta,Si,No,1 o 2 veces por semana,1 o 2 veces por semana,3 a 5 veces por semana,30 minutos o menos,MIXTO,OFICIAL,A,ACADÉMICO,MAÑANA,34,32,37,25,37.0,162,04/08/1993 12:00:00 AM,M,NO
VAUPES,-,,,-,,,-,,-,,MIXTO,OFICIAL,A,TÉCNICO/ACADÉMICO,MAÑANA,40,35,41,26,37.0,178,01/26/2003 12:00:00 AM,F,GENERACION E - GRATUIDAD
VAUPES,-,,Primaria incompleta,Primaria incompleta,No,-,Nunca o rara vez comemos eso,1 o 2 veces por semana,1 o 2 veces por semana,Entre 30 y 60 minutos,MIXTO,OFICIAL,A,TÉCNICO/ACADÉMICO,NOCHE,28,32,44,29,39.0,168,08/24/1987 12:00:00 AM,F,GENERACION E - GRATUIDAD
VAUPES,Estrato 1,3 a 4,Secundaria (Bachillerato) incompleta,Secundaria (Bachillerato) incompleta,No,Si,Nunca o rara vez comemos eso,3 a 5 veces por semana,1 o 2 veces por semana,Entre 1 y 3 horas,MIXTO,OFICIAL,A,TÉCNICO/ACADÉMICO,MAÑANA,50,54,45,39,46.0,235,07/08/2001 12:00:00 AM,M,NO
VAUPES,-,,,-,,,-,,-,,MIXTO,OFICIAL,A,TÉCNICO/ACADÉMICO,MAÑANA,62,59,42,61,62.0,282,09/19/2002 12:00:00 AM,F,NO
VAUPES,Estrato 2,3 a 4,Secundaria (Bachillerato) completa,Técnica o tecnológica completa,No,No,3 a 5 veces por semana,Todos o casi todos los días,1 o 2 veces por semana,Más de 3 horas,MIXTO,OFICIAL,A,TÉCNICO/ACADÉMICO,MAÑANA,55,51,42,35,47.0,229,03/26/2002 12:00:00 AM,F,GENERACION E - GRATUIDAD
VAUPES,Sin Estrato,9 o más,Secundaria (Bachillerato) incompleta,Secundaria (Bachillerato) incompleta,Si,No,Nunca o rara vez comemos eso,1 o 2 veces por semana,Todos o casi todos los días,30 minutos o menos,MIXTO,OFICIAL,A,ACADÉMICO,MAÑANA,45,40,42,39,40.0,207,10/07/2001 12:00:00 AM,F,GENERACION E - GRATUIDAD
VAUPES,Sin Estrato,7 a 8,Educación profesional completa,Secundaria (Bachillerato) completa,No,No,1 o 2 veces por semana,3 a 5 veces por semana,1 o 2 veces por semana,Entre 1 y 3 horas,MIXTO,OFICIAL,A,TÉCNICO/ACADÉMICO,NOCHE,58,51,50,53,47.0,263,01/25/2001 12:00:00 AM,M,GENERACION E - GRATUIDAD
VAUPES,Estrato 1,3 a 4,Postgrado,Postgrado,Si,Si,Todos o casi todos los días,Todos o casi todos los días,Todos o casi todos los días,Más de 3 horas,MIXTO,OFICIAL,A,TÉCNICO/ACADÉMICO,MAÑANA,53,40,41,31,45.0,208,05/19/2002 12:00:00 AM,F,GENERACION E - GRATUIDAD
VAUPES,Sin Estrato,5 a 6,Primaria incompleta,Primaria incompleta,No,No,Nunca o rara vez comemos eso,1 o 2 veces por semana,Nunca o rara vez comemos eso,Entre 1 y 3 horas,MIXTO,OFICIAL,A,ACADÉMICO,MAÑANA,25,26,32,35,41.0,152,09/11/2000 12:00:00 AM,F,GENERACION E - GRATUIDAD
VAUPES,-,,,-,,,-,,-,,MIXTO,OFICIAL,A,TÉCNICO/ACADÉMICO,NOCHE,30,34,34,34,31.0,164,04/21/1998 12:00:00 AM,F,NO
VAUPES,Sin Estrato,-,Secundaria (Bachillerato) completa,Secundaria (Bachillerato) completa,No,-,Todos o casi todos los días,Todos o casi todos los días,1 o 2 veces por semana,30 minutos o menos,MIXTO,OFICIAL,A,TÉCNICO/ACADÉMICO,NOCHE,37,29,36,22,33.0,156,11/21/1982 12:00:00 AM,F,GENERACION E - GRATUIDAD
VAUPES,Estrato 3,5 a 6,Primaria incompleta,Primaria incompleta,-,No,3 a 5 veces por semana,Nunca o rara vez comemos eso,Nunca o rara vez comemos eso,No Navega Internet,MIXTO,OFICIAL,A,TÉCNICO/ACADÉMICO,NOCHE,32,33,26,39,38.0,165,12/11/1996 12:00:00 AM,F,GENERACION E - GRATUIDAD
VAUPES,Estrato 1,3 a 4,Educación profesional completa,Educación profesional completa,No,No,3 a 5 veces por semana,Todos o casi todos los días,3 a 5 veces por semana,30 minutos o menos,MIXTO,OFICIAL,A,TÉCNICO/ACADÉMICO,MAÑANA,53,56,38,39,38.0,229,02/16/2001 12:00:00 AM,M,GENERACION E - GRATUIDAD
VAUPES,Estrato 1,3 a 4,Secundaria (Bachillerato) completa,Secundaria (Bachillerato) completa,Si,Si,1 o 2 veces por semana,3 a 5 veces por semana,1 o 2 veces por semana,Entre 1 y 3 horas,MIXTO,OFICIAL,A,TÉCNICO/ACADÉMICO,NOCHE,47,34,38,36,36.0,193,06/30/1999 12:00:00 AM,M,GENERACION E - GRATUIDAD
VAUPES,Sin Estrato,3 a 4,Primaria incompleta,Primaria incompleta,No,No,Nunca o rara vez comemos eso,Nunca o rara vez comemos eso,Nunca o rara vez comemos eso,30 minutos o menos,MIXTO,OFICIAL,A,TÉCNICO,MAÑANA,40,27,32,27,34.0,158,08/14/1999 12:00:00 AM,F,GENERACION E - GRATUIDAD
VAUPES,Sin Estrato,7 a 8,Primaria incompleta,Primaria incompleta,No,No,Nunca o rara vez comemos eso,1 o 2 veces por semana,Todos o casi todos los días,Entre 30 y 60 minutos,MIXTO,OFICIAL,A,TÉCNICO,MAÑANA,43,40,47,36,36.0,205,05/28/2000 12:00:00 AM,F,GENERACION E - GRATUIDAD
VAUPES,Estrato 2,3 a 4,Secundaria (Bachillerato) completa,Primaria completa,No,No,3 a 5 veces por semana,Todos o casi todos los días,3 a 5 veces por semana,No Navega Internet,MIXTO,OFICIAL,A,TÉCNICO/ACADÉMICO,MAÑANA,59,43,57,55,49.0,266,07/15/2002 12:00:00 AM,F,NO
VAUPES,-,,,-,,,-,,-,,MIXTO,OFICIAL,A,TÉCNICO/ACADÉMICO,NOCHE,54,48,42,48,44.0,238,06/06/2001 12:00:00 AM,F,GENERACION E - GRATUIDAD
VAUPES,-,,,-,,,-,,-,,MIXTO,OFICIAL,A,TÉCNICO/ACADÉMICO,MAÑANA,52,42,39,38,36.0,211,11/28/1998 12:00:00 AM,M,GENERACION E - GRATUIDAD
VAUPES,-,1 a 2,-,,-,No,,-,,,MIXTO,OFICIAL,A,TÉCNICO/ACADÉMICO,MAÑANA,39,28,35,33,28.0,167,06/28/1999 12:00:00 AM,F,GENERACION E - GRATUIDAD
VAUPES,Sin Estrato,5 a 6,No sabe,Primaria completa,No,No,3 a 5 veces por semana,3 a 5 veces por semana,1 o 2 veces por semana,Entre 30 y 60 minutos,MIXTO,OFICIAL,A,TÉCNICO/ACADÉMICO,MAÑANA,53,42,50,35,50.0,227,02/08/2002 12:00:00 AM,F,NO
VAUPES,Estrato 4,7 a 8,Secundaria (Bachillerato) completa,Primaria incompleta,No,No,1 o 2 veces por semana,3 a 5 veces por semana,Todos o casi todos los días,No Navega Internet,MIXTO,OFICIAL,A,ACADÉMICO,MAÑANA,36,23,30,38,30.0,158,01/15/2002 12:00:00 AM,F,NO
VAUPES,-,7 a 8,-,,-,No,,-,,,MIXTO,OFICIAL,A,TÉCNICO/ACADÉMICO,MAÑANA,36,48,31,34,30.0,183,11/17/2000 12:00:00 AM,F,GENERACION E - GRATUIDAD
VAUPES,Sin Estrato,7 a 8,Secundaria (Bachillerato) incompleta,Primaria completa,Si,No,1 o 2 veces por semana,1 o 2 veces por semana,1 o 2 veces por semana,No Navega Internet,MIXTO,OFICIAL,A,ACADÉMICO,MAÑANA,39,44,43,42,51.0,213,05/28/2001 12:00:00 AM,F,NO
VAUPES,Estrato 1,5 a 6,Primaria completa,Primaria incompleta,No,No,Nunca o rara vez comemos eso,1 o 2 veces por semana,1 o 2 veces por semana,No Navega Internet,MIXTO,OFICIAL,A,TÉCNICO/ACADÉMICO,MAÑANA,44,49,34,40,44.0,210,11/16/2000 12:00:00 AM,F,NO
